Analysis & Synthesis report for LightBoard
Wed Dec 10 15:02:34 2025
Quartus Prime Version 23.1std.1 Build 993 05/14/2024 SC Lite Edition


---------------------
; Table of Contents ;
---------------------
  1. Legal Notice
  2. Analysis & Synthesis Summary
  3. Analysis & Synthesis Settings
  4. Parallel Compilation
  5. Analysis & Synthesis Source Files Read
  6. Analysis & Synthesis Resource Usage Summary
  7. Analysis & Synthesis Resource Utilization by Entity
  8. Analysis & Synthesis RAM Summary
  9. Analysis & Synthesis IP Cores Summary
 10. State Machine - |LightBoard|S
 11. State Machine - |LightBoard|fade:fade5|S
 12. State Machine - |LightBoard|fade:fade4|S
 13. State Machine - |LightBoard|fade:fade3|S
 14. State Machine - |LightBoard|fade:fade2|S
 15. State Machine - |LightBoard|fade:fade1|S
 16. State Machine - |LightBoard|packet:sendpacket|S
 17. Registers Removed During Synthesis
 18. General Register Statistics
 19. Inverted Register Statistics
 20. Multiplexer Restructuring Statistics (Restructuring Performed)
 21. Source assignments for sld_signaltap:auto_signaltap_0
 22. Parameter Settings for User Entity Instance: Top-level Entity: |LightBoard
 23. Parameter Settings for User Entity Instance: packet:sendpacket
 24. Parameter Settings for User Entity Instance: fade:fade1
 25. Parameter Settings for User Entity Instance: fade:fade2
 26. Parameter Settings for User Entity Instance: fade:fade3
 27. Parameter Settings for User Entity Instance: fade:fade4
 28. Parameter Settings for User Entity Instance: fade:fade5
 29. Parameter Settings for Inferred Entity Instance: sld_signaltap:auto_signaltap_0
 30. Parameter Settings for Inferred Entity Instance: lpm_divide:Div1
 31. Parameter Settings for Inferred Entity Instance: lpm_divide:Div0
 32. Parameter Settings for Inferred Entity Instance: lpm_divide:Mod1
 33. Parameter Settings for Inferred Entity Instance: lpm_divide:Mod0
 34. Parameter Settings for Inferred Entity Instance: fade:fade1|lpm_divide:Div1
 35. Parameter Settings for Inferred Entity Instance: fade:fade2|lpm_divide:Div1
 36. Parameter Settings for Inferred Entity Instance: fade:fade3|lpm_divide:Div1
 37. Parameter Settings for Inferred Entity Instance: fade:fade4|lpm_divide:Div1
 38. Parameter Settings for Inferred Entity Instance: fade:fade5|lpm_divide:Div1
 39. Parameter Settings for Inferred Entity Instance: fade:fade1|lpm_divide:Div0
 40. Parameter Settings for Inferred Entity Instance: fade:fade5|lpm_divide:Div0
 41. Parameter Settings for Inferred Entity Instance: fade:fade4|lpm_divide:Div0
 42. Parameter Settings for Inferred Entity Instance: fade:fade3|lpm_divide:Div0
 43. Parameter Settings for Inferred Entity Instance: fade:fade2|lpm_divide:Div0
 44. Port Connectivity Checks: "packet:sendpacket"
 45. Signal Tap Logic Analyzer Settings
 46. Post-Synthesis Netlist Statistics for Top Partition
 47. Elapsed Time Per Partition
 48. Connections to In-System Debugging Instance "auto_signaltap_0"
 49. Analysis & Synthesis Messages
 50. Analysis & Synthesis Suppressed Messages



----------------
; Legal Notice ;
----------------
Copyright (C) 2024  Intel Corporation. All rights reserved.
Your use of Intel Corporation's design tools, logic functions 
and other software and tools, and any partner logic 
functions, and any output files from any of the foregoing 
(including device programming or simulation files), and any 
associated documentation or information are expressly subject 
to the terms and conditions of the Intel Program License 
Subscription Agreement, the Intel Quartus Prime License Agreement,
the Intel FPGA IP License Agreement, or other applicable license
agreement, including, without limitation, that your use is for
the sole purpose of programming logic devices manufactured by
Intel and sold by Intel or its authorized distributors.  Please
refer to the applicable agreement for further details, at
https://fpgasoftware.intel.com/eula.



+----------------------------------------------------------------------------------+
; Analysis & Synthesis Summary                                                     ;
+---------------------------------+------------------------------------------------+
; Analysis & Synthesis Status     ; Successful - Wed Dec 10 15:02:34 2025          ;
; Quartus Prime Version           ; 23.1std.1 Build 993 05/14/2024 SC Lite Edition ;
; Revision Name                   ; LightBoard                                     ;
; Top-level Entity Name           ; LightBoard                                     ;
; Family                          ; Cyclone V                                      ;
; Logic utilization (in ALMs)     ; N/A                                            ;
; Total registers                 ; 7085                                           ;
; Total pins                      ; 46                                             ;
; Total virtual pins              ; 0                                              ;
; Total block memory bits         ; 131,072                                        ;
; Total DSP Blocks                ; 0                                              ;
; Total HSSI RX PCSs              ; 0                                              ;
; Total HSSI PMA RX Deserializers ; 0                                              ;
; Total HSSI TX PCSs              ; 0                                              ;
; Total HSSI PMA TX Serializers   ; 0                                              ;
; Total PLLs                      ; 0                                              ;
; Total DLLs                      ; 0                                              ;
+---------------------------------+------------------------------------------------+


+---------------------------------------------------------------------------------------------------------------------------+
; Analysis & Synthesis Settings                                                                                             ;
+---------------------------------------------------------------------------------+--------------------+--------------------+
; Option                                                                          ; Setting            ; Default Value      ;
+---------------------------------------------------------------------------------+--------------------+--------------------+
; Device                                                                          ; 5CSEMA5F31C6       ;                    ;
; Top-level entity name                                                           ; LightBoard         ; LightBoard         ;
; Family name                                                                     ; Cyclone V          ; Cyclone V          ;
; Use smart compilation                                                           ; Off                ; Off                ;
; Enable parallel Assembler and Timing Analyzer during compilation                ; On                 ; On                 ;
; Enable compact report table                                                     ; Off                ; Off                ;
; Restructure Multiplexers                                                        ; Auto               ; Auto               ;
; MLAB Add Timing Constraints For Mixed-Port Feed-Through Mode Setting Don't Care ; Off                ; Off                ;
; Create Debugging Nodes for IP Cores                                             ; Off                ; Off                ;
; Preserve fewer node names                                                       ; On                 ; On                 ;
; Intel FPGA IP Evaluation Mode                                                   ; Enable             ; Enable             ;
; Verilog Version                                                                 ; Verilog_2001       ; Verilog_2001       ;
; VHDL Version                                                                    ; VHDL_1993          ; VHDL_1993          ;
; State Machine Processing                                                        ; Auto               ; Auto               ;
; Safe State Machine                                                              ; Off                ; Off                ;
; Extract Verilog State Machines                                                  ; On                 ; On                 ;
; Extract VHDL State Machines                                                     ; On                 ; On                 ;
; Ignore Verilog initial constructs                                               ; Off                ; Off                ;
; Iteration limit for constant Verilog loops                                      ; 5000               ; 5000               ;
; Iteration limit for non-constant Verilog loops                                  ; 250                ; 250                ;
; Add Pass-Through Logic to Inferred RAMs                                         ; On                 ; On                 ;
; Infer RAMs from Raw Logic                                                       ; On                 ; On                 ;
; Parallel Synthesis                                                              ; On                 ; On                 ;
; DSP Block Balancing                                                             ; Auto               ; Auto               ;
; NOT Gate Push-Back                                                              ; On                 ; On                 ;
; Power-Up Don't Care                                                             ; On                 ; On                 ;
; Remove Redundant Logic Cells                                                    ; Off                ; Off                ;
; Remove Duplicate Registers                                                      ; On                 ; On                 ;
; Ignore CARRY Buffers                                                            ; Off                ; Off                ;
; Ignore CASCADE Buffers                                                          ; Off                ; Off                ;
; Ignore GLOBAL Buffers                                                           ; Off                ; Off                ;
; Ignore ROW GLOBAL Buffers                                                       ; Off                ; Off                ;
; Ignore LCELL Buffers                                                            ; Off                ; Off                ;
; Ignore SOFT Buffers                                                             ; On                 ; On                 ;
; Limit AHDL Integers to 32 Bits                                                  ; Off                ; Off                ;
; Optimization Technique                                                          ; Balanced           ; Balanced           ;
; Carry Chain Length                                                              ; 70                 ; 70                 ;
; Auto Carry Chains                                                               ; On                 ; On                 ;
; Auto Open-Drain Pins                                                            ; On                 ; On                 ;
; Perform WYSIWYG Primitive Resynthesis                                           ; Off                ; Off                ;
; Auto ROM Replacement                                                            ; On                 ; On                 ;
; Auto RAM Replacement                                                            ; On                 ; On                 ;
; Auto DSP Block Replacement                                                      ; On                 ; On                 ;
; Auto Shift Register Replacement                                                 ; Auto               ; Auto               ;
; Allow Shift Register Merging across Hierarchies                                 ; Auto               ; Auto               ;
; Auto Clock Enable Replacement                                                   ; On                 ; On                 ;
; Strict RAM Replacement                                                          ; Off                ; Off                ;
; Allow Synchronous Control Signals                                               ; On                 ; On                 ;
; Force Use of Synchronous Clear Signals                                          ; Off                ; Off                ;
; Auto Resource Sharing                                                           ; Off                ; Off                ;
; Allow Any RAM Size For Recognition                                              ; Off                ; Off                ;
; Allow Any ROM Size For Recognition                                              ; Off                ; Off                ;
; Allow Any Shift Register Size For Recognition                                   ; Off                ; Off                ;
; Use LogicLock Constraints during Resource Balancing                             ; On                 ; On                 ;
; Ignore translate_off and synthesis_off directives                               ; Off                ; Off                ;
; Timing-Driven Synthesis                                                         ; On                 ; On                 ;
; Report Parameter Settings                                                       ; On                 ; On                 ;
; Report Source Assignments                                                       ; On                 ; On                 ;
; Report Connectivity Checks                                                      ; On                 ; On                 ;
; Ignore Maximum Fan-Out Assignments                                              ; Off                ; Off                ;
; Synchronization Register Chain Length                                           ; 3                  ; 3                  ;
; Power Optimization During Synthesis                                             ; Normal compilation ; Normal compilation ;
; HDL message level                                                               ; Level2             ; Level2             ;
; Suppress Register Optimization Related Messages                                 ; Off                ; Off                ;
; Number of Removed Registers Reported in Synthesis Report                        ; 5000               ; 5000               ;
; Number of Swept Nodes Reported in Synthesis Report                              ; 5000               ; 5000               ;
; Number of Inverted Registers Reported in Synthesis Report                       ; 100                ; 100                ;
; Clock MUX Protection                                                            ; On                 ; On                 ;
; Auto Gated Clock Conversion                                                     ; Off                ; Off                ;
; Block Design Naming                                                             ; Auto               ; Auto               ;
; SDC constraint protection                                                       ; Off                ; Off                ;
; Synthesis Effort                                                                ; Auto               ; Auto               ;
; Shift Register Replacement - Allow Asynchronous Clear Signal                    ; On                 ; On                 ;
; Pre-Mapping Resynthesis Optimization                                            ; Off                ; Off                ;
; Analysis & Synthesis Message Level                                              ; Medium             ; Medium             ;
; Disable Register Merging Across Hierarchies                                     ; Auto               ; Auto               ;
; Resource Aware Inference For Block RAM                                          ; On                 ; On                 ;
; Automatic Parallel Synthesis                                                    ; On                 ; On                 ;
; Partial Reconfiguration Bitstream ID                                            ; Off                ; Off                ;
+---------------------------------------------------------------------------------+--------------------+--------------------+


+------------------------------------------+
; Parallel Compilation                     ;
+----------------------------+-------------+
; Processors                 ; Number      ;
+----------------------------+-------------+
; Number detected on machine ; 28          ;
; Maximum allowed            ; 16          ;
;                            ;             ;
; Average used               ; 1.00        ;
; Maximum used               ; 16          ;
;                            ;             ;
; Usage by Processor         ; % Time Used ;
;     Processor 1            ; 100.0%      ;
;     Processor 2            ;   0.0%      ;
;     Processor 3            ;   0.0%      ;
;     Processor 4            ;   0.0%      ;
;     Processor 5            ;   0.0%      ;
;     Processor 6            ;   0.0%      ;
;     Processor 7            ;   0.0%      ;
;     Processor 8            ;   0.0%      ;
;     Processor 9            ;   0.0%      ;
;     Processors 10-16       ;   0.0%      ;
+----------------------------+-------------+


+-----------------------------------------------------------------------------------------------------------------------------------------------------------------------------------------------------------------------------------------------------------------------+
; Analysis & Synthesis Source Files Read                                                                                                                                                                                                                                ;
+--------------------------------------------------------------------+-----------------+----------------------------------------------+-------------------------------------------------------------------------------------------------------------------+-------------+
; File Name with User-Entered Path                                   ; Used in Netlist ; File Type                                    ; File Name with Absolute Path                                                                                      ; Library     ;
+--------------------------------------------------------------------+-----------------+----------------------------------------------+-------------------------------------------------------------------------------------------------------------------+-------------+
; seven_segment.v                                                    ; yes             ; User Verilog HDL File                        ; M:/ECE287/GitHub/FPGA-Light-Board/FinalProject/seven_segment.v                                                    ;             ;
; LightBoard.v                                                       ; yes             ; User Verilog HDL File                        ; M:/ECE287/GitHub/FPGA-Light-Board/FinalProject/LightBoard.v                                                       ;             ;
; Packet.v                                                           ; yes             ; User Verilog HDL File                        ; M:/ECE287/GitHub/FPGA-Light-Board/FinalProject/Packet.v                                                           ;             ;
; fade.v                                                             ; yes             ; User Verilog HDL File                        ; M:/ECE287/GitHub/FPGA-Light-Board/FinalProject/fade.v                                                             ;             ;
; sld_signaltap.vhd                                                  ; yes             ; Megafunction                                 ; c:/intelfpga_lite/23.1std/quartus/libraries/megafunctions/sld_signaltap.vhd                                       ;             ;
; sld_signaltap_impl.vhd                                             ; yes             ; Encrypted Megafunction                       ; c:/intelfpga_lite/23.1std/quartus/libraries/megafunctions/sld_signaltap_impl.vhd                                  ;             ;
; sld_ela_control.vhd                                                ; yes             ; Encrypted Megafunction                       ; c:/intelfpga_lite/23.1std/quartus/libraries/megafunctions/sld_ela_control.vhd                                     ;             ;
; lpm_shiftreg.tdf                                                   ; yes             ; Megafunction                                 ; c:/intelfpga_lite/23.1std/quartus/libraries/megafunctions/lpm_shiftreg.tdf                                        ;             ;
; lpm_constant.inc                                                   ; yes             ; Megafunction                                 ; c:/intelfpga_lite/23.1std/quartus/libraries/megafunctions/lpm_constant.inc                                        ;             ;
; dffeea.inc                                                         ; yes             ; Megafunction                                 ; c:/intelfpga_lite/23.1std/quartus/libraries/megafunctions/dffeea.inc                                              ;             ;
; aglobal231.inc                                                     ; yes             ; Megafunction                                 ; c:/intelfpga_lite/23.1std/quartus/libraries/megafunctions/aglobal231.inc                                          ;             ;
; sld_mbpmg.vhd                                                      ; yes             ; Encrypted Megafunction                       ; c:/intelfpga_lite/23.1std/quartus/libraries/megafunctions/sld_mbpmg.vhd                                           ;             ;
; sld_ela_trigger_flow_mgr.vhd                                       ; yes             ; Encrypted Megafunction                       ; c:/intelfpga_lite/23.1std/quartus/libraries/megafunctions/sld_ela_trigger_flow_mgr.vhd                            ;             ;
; sld_buffer_manager.vhd                                             ; yes             ; Encrypted Megafunction                       ; c:/intelfpga_lite/23.1std/quartus/libraries/megafunctions/sld_buffer_manager.vhd                                  ;             ;
; altsyncram.tdf                                                     ; yes             ; Megafunction                                 ; c:/intelfpga_lite/23.1std/quartus/libraries/megafunctions/altsyncram.tdf                                          ;             ;
; stratix_ram_block.inc                                              ; yes             ; Megafunction                                 ; c:/intelfpga_lite/23.1std/quartus/libraries/megafunctions/stratix_ram_block.inc                                   ;             ;
; lpm_mux.inc                                                        ; yes             ; Megafunction                                 ; c:/intelfpga_lite/23.1std/quartus/libraries/megafunctions/lpm_mux.inc                                             ;             ;
; lpm_decode.inc                                                     ; yes             ; Megafunction                                 ; c:/intelfpga_lite/23.1std/quartus/libraries/megafunctions/lpm_decode.inc                                          ;             ;
; a_rdenreg.inc                                                      ; yes             ; Megafunction                                 ; c:/intelfpga_lite/23.1std/quartus/libraries/megafunctions/a_rdenreg.inc                                           ;             ;
; altrom.inc                                                         ; yes             ; Megafunction                                 ; c:/intelfpga_lite/23.1std/quartus/libraries/megafunctions/altrom.inc                                              ;             ;
; altram.inc                                                         ; yes             ; Megafunction                                 ; c:/intelfpga_lite/23.1std/quartus/libraries/megafunctions/altram.inc                                              ;             ;
; altdpram.inc                                                       ; yes             ; Megafunction                                 ; c:/intelfpga_lite/23.1std/quartus/libraries/megafunctions/altdpram.inc                                            ;             ;
; db/altsyncram_gk84.tdf                                             ; yes             ; Auto-Generated Megafunction                  ; M:/ECE287/GitHub/FPGA-Light-Board/FinalProject/db/altsyncram_gk84.tdf                                             ;             ;
; db/decode_tma.tdf                                                  ; yes             ; Auto-Generated Megafunction                  ; M:/ECE287/GitHub/FPGA-Light-Board/FinalProject/db/decode_tma.tdf                                                  ;             ;
; db/mux_6hb.tdf                                                     ; yes             ; Auto-Generated Megafunction                  ; M:/ECE287/GitHub/FPGA-Light-Board/FinalProject/db/mux_6hb.tdf                                                     ;             ;
; altdpram.tdf                                                       ; yes             ; Megafunction                                 ; c:/intelfpga_lite/23.1std/quartus/libraries/megafunctions/altdpram.tdf                                            ;             ;
; memmodes.inc                                                       ; yes             ; Megafunction                                 ; c:/intelfpga_lite/23.1std/quartus/libraries/others/maxplus2/memmodes.inc                                          ;             ;
; a_hdffe.inc                                                        ; yes             ; Megafunction                                 ; c:/intelfpga_lite/23.1std/quartus/libraries/megafunctions/a_hdffe.inc                                             ;             ;
; alt_le_rden_reg.inc                                                ; yes             ; Megafunction                                 ; c:/intelfpga_lite/23.1std/quartus/libraries/megafunctions/alt_le_rden_reg.inc                                     ;             ;
; altsyncram.inc                                                     ; yes             ; Megafunction                                 ; c:/intelfpga_lite/23.1std/quartus/libraries/megafunctions/altsyncram.inc                                          ;             ;
; lpm_mux.tdf                                                        ; yes             ; Megafunction                                 ; c:/intelfpga_lite/23.1std/quartus/libraries/megafunctions/lpm_mux.tdf                                             ;             ;
; muxlut.inc                                                         ; yes             ; Megafunction                                 ; c:/intelfpga_lite/23.1std/quartus/libraries/megafunctions/muxlut.inc                                              ;             ;
; bypassff.inc                                                       ; yes             ; Megafunction                                 ; c:/intelfpga_lite/23.1std/quartus/libraries/megafunctions/bypassff.inc                                            ;             ;
; altshift.inc                                                       ; yes             ; Megafunction                                 ; c:/intelfpga_lite/23.1std/quartus/libraries/megafunctions/altshift.inc                                            ;             ;
; db/mux_glc.tdf                                                     ; yes             ; Auto-Generated Megafunction                  ; M:/ECE287/GitHub/FPGA-Light-Board/FinalProject/db/mux_glc.tdf                                                     ;             ;
; lpm_decode.tdf                                                     ; yes             ; Megafunction                                 ; c:/intelfpga_lite/23.1std/quartus/libraries/megafunctions/lpm_decode.tdf                                          ;             ;
; declut.inc                                                         ; yes             ; Megafunction                                 ; c:/intelfpga_lite/23.1std/quartus/libraries/megafunctions/declut.inc                                              ;             ;
; lpm_compare.inc                                                    ; yes             ; Megafunction                                 ; c:/intelfpga_lite/23.1std/quartus/libraries/megafunctions/lpm_compare.inc                                         ;             ;
; db/decode_vnf.tdf                                                  ; yes             ; Auto-Generated Megafunction                  ; M:/ECE287/GitHub/FPGA-Light-Board/FinalProject/db/decode_vnf.tdf                                                  ;             ;
; lpm_counter.tdf                                                    ; yes             ; Megafunction                                 ; c:/intelfpga_lite/23.1std/quartus/libraries/megafunctions/lpm_counter.tdf                                         ;             ;
; lpm_add_sub.inc                                                    ; yes             ; Megafunction                                 ; c:/intelfpga_lite/23.1std/quartus/libraries/megafunctions/lpm_add_sub.inc                                         ;             ;
; cmpconst.inc                                                       ; yes             ; Megafunction                                 ; c:/intelfpga_lite/23.1std/quartus/libraries/megafunctions/cmpconst.inc                                            ;             ;
; lpm_counter.inc                                                    ; yes             ; Megafunction                                 ; c:/intelfpga_lite/23.1std/quartus/libraries/megafunctions/lpm_counter.inc                                         ;             ;
; alt_counter_stratix.inc                                            ; yes             ; Megafunction                                 ; c:/intelfpga_lite/23.1std/quartus/libraries/megafunctions/alt_counter_stratix.inc                                 ;             ;
; db/cntr_85j.tdf                                                    ; yes             ; Auto-Generated Megafunction                  ; M:/ECE287/GitHub/FPGA-Light-Board/FinalProject/db/cntr_85j.tdf                                                    ;             ;
; db/cntr_49i.tdf                                                    ; yes             ; Auto-Generated Megafunction                  ; M:/ECE287/GitHub/FPGA-Light-Board/FinalProject/db/cntr_49i.tdf                                                    ;             ;
; db/cmpr_e9c.tdf                                                    ; yes             ; Auto-Generated Megafunction                  ; M:/ECE287/GitHub/FPGA-Light-Board/FinalProject/db/cmpr_e9c.tdf                                                    ;             ;
; db/cntr_kri.tdf                                                    ; yes             ; Auto-Generated Megafunction                  ; M:/ECE287/GitHub/FPGA-Light-Board/FinalProject/db/cntr_kri.tdf                                                    ;             ;
; db/cmpr_99c.tdf                                                    ; yes             ; Auto-Generated Megafunction                  ; M:/ECE287/GitHub/FPGA-Light-Board/FinalProject/db/cmpr_99c.tdf                                                    ;             ;
; sld_rom_sr.vhd                                                     ; yes             ; Encrypted Megafunction                       ; c:/intelfpga_lite/23.1std/quartus/libraries/megafunctions/sld_rom_sr.vhd                                          ;             ;
; sld_jtag_endpoint_adapter.vhd                                      ; yes             ; Encrypted Megafunction                       ; c:/intelfpga_lite/23.1std/quartus/libraries/megafunctions/sld_jtag_endpoint_adapter.vhd                           ;             ;
; sld_jtag_endpoint_adapter_impl.sv                                  ; yes             ; Encrypted Megafunction                       ; c:/intelfpga_lite/23.1std/quartus/libraries/megafunctions/sld_jtag_endpoint_adapter_impl.sv                       ;             ;
; sld_hub.vhd                                                        ; yes             ; Encrypted Megafunction                       ; c:/intelfpga_lite/23.1std/quartus/libraries/megafunctions/sld_hub.vhd                                             ; altera_sld  ;
; db/ip/sld48c515c5/alt_sld_fab.v                                    ; yes             ; Encrypted Auto-Found Verilog HDL File        ; M:/ECE287/GitHub/FPGA-Light-Board/FinalProject/db/ip/sld48c515c5/alt_sld_fab.v                                    ; alt_sld_fab ;
; db/ip/sld48c515c5/submodules/alt_sld_fab_alt_sld_fab.v             ; yes             ; Encrypted Auto-Found Verilog HDL File        ; M:/ECE287/GitHub/FPGA-Light-Board/FinalProject/db/ip/sld48c515c5/submodules/alt_sld_fab_alt_sld_fab.v             ; alt_sld_fab ;
; db/ip/sld48c515c5/submodules/alt_sld_fab_alt_sld_fab_ident.sv      ; yes             ; Auto-Found SystemVerilog HDL File            ; M:/ECE287/GitHub/FPGA-Light-Board/FinalProject/db/ip/sld48c515c5/submodules/alt_sld_fab_alt_sld_fab_ident.sv      ; alt_sld_fab ;
; db/ip/sld48c515c5/submodules/alt_sld_fab_alt_sld_fab_presplit.sv   ; yes             ; Encrypted Auto-Found SystemVerilog HDL File  ; M:/ECE287/GitHub/FPGA-Light-Board/FinalProject/db/ip/sld48c515c5/submodules/alt_sld_fab_alt_sld_fab_presplit.sv   ; alt_sld_fab ;
; db/ip/sld48c515c5/submodules/alt_sld_fab_alt_sld_fab_sldfabric.vhd ; yes             ; Encrypted Auto-Found VHDL File               ; M:/ECE287/GitHub/FPGA-Light-Board/FinalProject/db/ip/sld48c515c5/submodules/alt_sld_fab_alt_sld_fab_sldfabric.vhd ; alt_sld_fab ;
; db/ip/sld48c515c5/submodules/alt_sld_fab_alt_sld_fab_splitter.sv   ; yes             ; Encrypted Auto-Found SystemVerilog HDL File  ; M:/ECE287/GitHub/FPGA-Light-Board/FinalProject/db/ip/sld48c515c5/submodules/alt_sld_fab_alt_sld_fab_splitter.sv   ; alt_sld_fab ;
; sld_jtag_hub.vhd                                                   ; yes             ; Encrypted Megafunction                       ; c:/intelfpga_lite/23.1std/quartus/libraries/megafunctions/sld_jtag_hub.vhd                                        ;             ;
; lpm_divide.tdf                                                     ; yes             ; Megafunction                                 ; c:/intelfpga_lite/23.1std/quartus/libraries/megafunctions/lpm_divide.tdf                                          ;             ;
; abs_divider.inc                                                    ; yes             ; Megafunction                                 ; c:/intelfpga_lite/23.1std/quartus/libraries/megafunctions/abs_divider.inc                                         ;             ;
; sign_div_unsign.inc                                                ; yes             ; Megafunction                                 ; c:/intelfpga_lite/23.1std/quartus/libraries/megafunctions/sign_div_unsign.inc                                     ;             ;
; db/lpm_divide_8am.tdf                                              ; yes             ; Auto-Generated Megafunction                  ; M:/ECE287/GitHub/FPGA-Light-Board/FinalProject/db/lpm_divide_8am.tdf                                              ;             ;
; db/sign_div_unsign_ekh.tdf                                         ; yes             ; Auto-Generated Megafunction                  ; M:/ECE287/GitHub/FPGA-Light-Board/FinalProject/db/sign_div_unsign_ekh.tdf                                         ;             ;
; db/alt_u_div_2te.tdf                                               ; yes             ; Auto-Generated Megafunction                  ; M:/ECE287/GitHub/FPGA-Light-Board/FinalProject/db/alt_u_div_2te.tdf                                               ;             ;
; db/lpm_divide_5am.tdf                                              ; yes             ; Auto-Generated Megafunction                  ; M:/ECE287/GitHub/FPGA-Light-Board/FinalProject/db/lpm_divide_5am.tdf                                              ;             ;
; db/sign_div_unsign_bkh.tdf                                         ; yes             ; Auto-Generated Megafunction                  ; M:/ECE287/GitHub/FPGA-Light-Board/FinalProject/db/sign_div_unsign_bkh.tdf                                         ;             ;
; db/alt_u_div_sse.tdf                                               ; yes             ; Auto-Generated Megafunction                  ; M:/ECE287/GitHub/FPGA-Light-Board/FinalProject/db/alt_u_div_sse.tdf                                               ;             ;
; db/lpm_divide_82m.tdf                                              ; yes             ; Auto-Generated Megafunction                  ; M:/ECE287/GitHub/FPGA-Light-Board/FinalProject/db/lpm_divide_82m.tdf                                              ;             ;
; db/lpm_divide_ibm.tdf                                              ; yes             ; Auto-Generated Megafunction                  ; M:/ECE287/GitHub/FPGA-Light-Board/FinalProject/db/lpm_divide_ibm.tdf                                              ;             ;
; db/sign_div_unsign_olh.tdf                                         ; yes             ; Auto-Generated Megafunction                  ; M:/ECE287/GitHub/FPGA-Light-Board/FinalProject/db/sign_div_unsign_olh.tdf                                         ;             ;
; db/alt_u_div_mve.tdf                                               ; yes             ; Auto-Generated Megafunction                  ; M:/ECE287/GitHub/FPGA-Light-Board/FinalProject/db/alt_u_div_mve.tdf                                               ;             ;
; db/lpm_divide_jbm.tdf                                              ; yes             ; Auto-Generated Megafunction                  ; M:/ECE287/GitHub/FPGA-Light-Board/FinalProject/db/lpm_divide_jbm.tdf                                              ;             ;
; db/sign_div_unsign_1nh.tdf                                         ; yes             ; Auto-Generated Megafunction                  ; M:/ECE287/GitHub/FPGA-Light-Board/FinalProject/db/sign_div_unsign_1nh.tdf                                         ;             ;
; db/alt_u_div_82f.tdf                                               ; yes             ; Auto-Generated Megafunction                  ; M:/ECE287/GitHub/FPGA-Light-Board/FinalProject/db/alt_u_div_82f.tdf                                               ;             ;
+--------------------------------------------------------------------+-----------------+----------------------------------------------+-------------------------------------------------------------------------------------------------------------------+-------------+


+--------------------------------------------------------------+
; Analysis & Synthesis Resource Usage Summary                  ;
+---------------------------------------------+----------------+
; Resource                                    ; Usage          ;
+---------------------------------------------+----------------+
; Estimate of Logic utilization (ALMs needed) ; 5544           ;
;                                             ;                ;
; Combinational ALUT usage for logic          ; 4027           ;
;     -- 7 input functions                    ; 2              ;
;     -- 6 input functions                    ; 1235           ;
;     -- 5 input functions                    ; 772            ;
;     -- 4 input functions                    ; 603            ;
;     -- <=3 input functions                  ; 1415           ;
;                                             ;                ;
; Dedicated logic registers                   ; 7085           ;
;                                             ;                ;
; I/O pins                                    ; 46             ;
; Total MLAB memory bits                      ; 0              ;
; Total block memory bits                     ; 131072         ;
;                                             ;                ;
; Total DSP Blocks                            ; 0              ;
;                                             ;                ;
; Maximum fan-out node                        ; CLOCK_50~input ;
; Maximum fan-out                             ; 6754           ;
; Total fan-out                               ; 57478          ;
; Average fan-out                             ; 5.12           ;
+---------------------------------------------+----------------+


+--------------------------------------------------------------------------------------------------------------------------------------------------------------------------------------------------------------------------------------------------------------------------------------------------------------------------------------------------------------------------------------------------------------------------------------------------------------------------------------------------------------------------------------------------------------------------------------------------------------------------------------------------------------+
; Analysis & Synthesis Resource Utilization by Entity                                                                                                                                                                                                                                                                                                                                                                                                                                                                                                                                                                                                          ;
+-----------------------------------------------------------------------------------------------------------------------------------------+---------------------+---------------------------+-------------------+------------+------+--------------+--------------------------------------------------------------------------------------------------------------------------------------------------------------------------------------------------------------------------------------------------------------------------------------------------------------------------------------------------------+-----------------------------------+--------------+
; Compilation Hierarchy Node                                                                                                              ; Combinational ALUTs ; Dedicated Logic Registers ; Block Memory Bits ; DSP Blocks ; Pins ; Virtual Pins ; Full Hierarchy Name                                                                                                                                                                                                                                                                                                                                    ; Entity Name                       ; Library Name ;
+-----------------------------------------------------------------------------------------------------------------------------------------+---------------------+---------------------------+-------------------+------------+------+--------------+--------------------------------------------------------------------------------------------------------------------------------------------------------------------------------------------------------------------------------------------------------------------------------------------------------------------------------------------------------+-----------------------------------+--------------+
; |LightBoard                                                                                                                             ; 4027 (309)          ; 7085 (398)                ; 131072            ; 0          ; 46   ; 0            ; |LightBoard                                                                                                                                                                                                                                                                                                                                            ; LightBoard                        ; work         ;
;    |fade:fade1|                                                                                                                         ; 384 (147)           ; 88 (88)                   ; 0                 ; 0          ; 0    ; 0            ; |LightBoard|fade:fade1                                                                                                                                                                                                                                                                                                                                 ; fade                              ; work         ;
;       |lpm_divide:Div0|                                                                                                                 ; 113 (0)             ; 0 (0)                     ; 0                 ; 0          ; 0    ; 0            ; |LightBoard|fade:fade1|lpm_divide:Div0                                                                                                                                                                                                                                                                                                                 ; lpm_divide                        ; work         ;
;          |lpm_divide_jbm:auto_generated|                                                                                                ; 113 (0)             ; 0 (0)                     ; 0                 ; 0          ; 0    ; 0            ; |LightBoard|fade:fade1|lpm_divide:Div0|lpm_divide_jbm:auto_generated                                                                                                                                                                                                                                                                                   ; lpm_divide_jbm                    ; work         ;
;             |sign_div_unsign_1nh:divider|                                                                                               ; 113 (0)             ; 0 (0)                     ; 0                 ; 0          ; 0    ; 0            ; |LightBoard|fade:fade1|lpm_divide:Div0|lpm_divide_jbm:auto_generated|sign_div_unsign_1nh:divider                                                                                                                                                                                                                                                       ; sign_div_unsign_1nh               ; work         ;
;                |alt_u_div_82f:divider|                                                                                                  ; 113 (113)           ; 0 (0)                     ; 0                 ; 0          ; 0    ; 0            ; |LightBoard|fade:fade1|lpm_divide:Div0|lpm_divide_jbm:auto_generated|sign_div_unsign_1nh:divider|alt_u_div_82f:divider                                                                                                                                                                                                                                 ; alt_u_div_82f                     ; work         ;
;       |lpm_divide:Div1|                                                                                                                 ; 124 (0)             ; 0 (0)                     ; 0                 ; 0          ; 0    ; 0            ; |LightBoard|fade:fade1|lpm_divide:Div1                                                                                                                                                                                                                                                                                                                 ; lpm_divide                        ; work         ;
;          |lpm_divide_ibm:auto_generated|                                                                                                ; 124 (0)             ; 0 (0)                     ; 0                 ; 0          ; 0    ; 0            ; |LightBoard|fade:fade1|lpm_divide:Div1|lpm_divide_ibm:auto_generated                                                                                                                                                                                                                                                                                   ; lpm_divide_ibm                    ; work         ;
;             |sign_div_unsign_olh:divider|                                                                                               ; 124 (0)             ; 0 (0)                     ; 0                 ; 0          ; 0    ; 0            ; |LightBoard|fade:fade1|lpm_divide:Div1|lpm_divide_ibm:auto_generated|sign_div_unsign_olh:divider                                                                                                                                                                                                                                                       ; sign_div_unsign_olh               ; work         ;
;                |alt_u_div_mve:divider|                                                                                                  ; 124 (124)           ; 0 (0)                     ; 0                 ; 0          ; 0    ; 0            ; |LightBoard|fade:fade1|lpm_divide:Div1|lpm_divide_ibm:auto_generated|sign_div_unsign_olh:divider|alt_u_div_mve:divider                                                                                                                                                                                                                                 ; alt_u_div_mve                     ; work         ;
;    |fade:fade2|                                                                                                                         ; 384 (147)           ; 88 (88)                   ; 0                 ; 0          ; 0    ; 0            ; |LightBoard|fade:fade2                                                                                                                                                                                                                                                                                                                                 ; fade                              ; work         ;
;       |lpm_divide:Div0|                                                                                                                 ; 113 (0)             ; 0 (0)                     ; 0                 ; 0          ; 0    ; 0            ; |LightBoard|fade:fade2|lpm_divide:Div0                                                                                                                                                                                                                                                                                                                 ; lpm_divide                        ; work         ;
;          |lpm_divide_jbm:auto_generated|                                                                                                ; 113 (0)             ; 0 (0)                     ; 0                 ; 0          ; 0    ; 0            ; |LightBoard|fade:fade2|lpm_divide:Div0|lpm_divide_jbm:auto_generated                                                                                                                                                                                                                                                                                   ; lpm_divide_jbm                    ; work         ;
;             |sign_div_unsign_1nh:divider|                                                                                               ; 113 (0)             ; 0 (0)                     ; 0                 ; 0          ; 0    ; 0            ; |LightBoard|fade:fade2|lpm_divide:Div0|lpm_divide_jbm:auto_generated|sign_div_unsign_1nh:divider                                                                                                                                                                                                                                                       ; sign_div_unsign_1nh               ; work         ;
;                |alt_u_div_82f:divider|                                                                                                  ; 113 (113)           ; 0 (0)                     ; 0                 ; 0          ; 0    ; 0            ; |LightBoard|fade:fade2|lpm_divide:Div0|lpm_divide_jbm:auto_generated|sign_div_unsign_1nh:divider|alt_u_div_82f:divider                                                                                                                                                                                                                                 ; alt_u_div_82f                     ; work         ;
;       |lpm_divide:Div1|                                                                                                                 ; 124 (0)             ; 0 (0)                     ; 0                 ; 0          ; 0    ; 0            ; |LightBoard|fade:fade2|lpm_divide:Div1                                                                                                                                                                                                                                                                                                                 ; lpm_divide                        ; work         ;
;          |lpm_divide_ibm:auto_generated|                                                                                                ; 124 (0)             ; 0 (0)                     ; 0                 ; 0          ; 0    ; 0            ; |LightBoard|fade:fade2|lpm_divide:Div1|lpm_divide_ibm:auto_generated                                                                                                                                                                                                                                                                                   ; lpm_divide_ibm                    ; work         ;
;             |sign_div_unsign_olh:divider|                                                                                               ; 124 (0)             ; 0 (0)                     ; 0                 ; 0          ; 0    ; 0            ; |LightBoard|fade:fade2|lpm_divide:Div1|lpm_divide_ibm:auto_generated|sign_div_unsign_olh:divider                                                                                                                                                                                                                                                       ; sign_div_unsign_olh               ; work         ;
;                |alt_u_div_mve:divider|                                                                                                  ; 124 (124)           ; 0 (0)                     ; 0                 ; 0          ; 0    ; 0            ; |LightBoard|fade:fade2|lpm_divide:Div1|lpm_divide_ibm:auto_generated|sign_div_unsign_olh:divider|alt_u_div_mve:divider                                                                                                                                                                                                                                 ; alt_u_div_mve                     ; work         ;
;    |fade:fade3|                                                                                                                         ; 384 (147)           ; 88 (88)                   ; 0                 ; 0          ; 0    ; 0            ; |LightBoard|fade:fade3                                                                                                                                                                                                                                                                                                                                 ; fade                              ; work         ;
;       |lpm_divide:Div0|                                                                                                                 ; 113 (0)             ; 0 (0)                     ; 0                 ; 0          ; 0    ; 0            ; |LightBoard|fade:fade3|lpm_divide:Div0                                                                                                                                                                                                                                                                                                                 ; lpm_divide                        ; work         ;
;          |lpm_divide_jbm:auto_generated|                                                                                                ; 113 (0)             ; 0 (0)                     ; 0                 ; 0          ; 0    ; 0            ; |LightBoard|fade:fade3|lpm_divide:Div0|lpm_divide_jbm:auto_generated                                                                                                                                                                                                                                                                                   ; lpm_divide_jbm                    ; work         ;
;             |sign_div_unsign_1nh:divider|                                                                                               ; 113 (0)             ; 0 (0)                     ; 0                 ; 0          ; 0    ; 0            ; |LightBoard|fade:fade3|lpm_divide:Div0|lpm_divide_jbm:auto_generated|sign_div_unsign_1nh:divider                                                                                                                                                                                                                                                       ; sign_div_unsign_1nh               ; work         ;
;                |alt_u_div_82f:divider|                                                                                                  ; 113 (113)           ; 0 (0)                     ; 0                 ; 0          ; 0    ; 0            ; |LightBoard|fade:fade3|lpm_divide:Div0|lpm_divide_jbm:auto_generated|sign_div_unsign_1nh:divider|alt_u_div_82f:divider                                                                                                                                                                                                                                 ; alt_u_div_82f                     ; work         ;
;       |lpm_divide:Div1|                                                                                                                 ; 124 (0)             ; 0 (0)                     ; 0                 ; 0          ; 0    ; 0            ; |LightBoard|fade:fade3|lpm_divide:Div1                                                                                                                                                                                                                                                                                                                 ; lpm_divide                        ; work         ;
;          |lpm_divide_ibm:auto_generated|                                                                                                ; 124 (0)             ; 0 (0)                     ; 0                 ; 0          ; 0    ; 0            ; |LightBoard|fade:fade3|lpm_divide:Div1|lpm_divide_ibm:auto_generated                                                                                                                                                                                                                                                                                   ; lpm_divide_ibm                    ; work         ;
;             |sign_div_unsign_olh:divider|                                                                                               ; 124 (0)             ; 0 (0)                     ; 0                 ; 0          ; 0    ; 0            ; |LightBoard|fade:fade3|lpm_divide:Div1|lpm_divide_ibm:auto_generated|sign_div_unsign_olh:divider                                                                                                                                                                                                                                                       ; sign_div_unsign_olh               ; work         ;
;                |alt_u_div_mve:divider|                                                                                                  ; 124 (124)           ; 0 (0)                     ; 0                 ; 0          ; 0    ; 0            ; |LightBoard|fade:fade3|lpm_divide:Div1|lpm_divide_ibm:auto_generated|sign_div_unsign_olh:divider|alt_u_div_mve:divider                                                                                                                                                                                                                                 ; alt_u_div_mve                     ; work         ;
;    |fade:fade4|                                                                                                                         ; 384 (147)           ; 88 (88)                   ; 0                 ; 0          ; 0    ; 0            ; |LightBoard|fade:fade4                                                                                                                                                                                                                                                                                                                                 ; fade                              ; work         ;
;       |lpm_divide:Div0|                                                                                                                 ; 113 (0)             ; 0 (0)                     ; 0                 ; 0          ; 0    ; 0            ; |LightBoard|fade:fade4|lpm_divide:Div0                                                                                                                                                                                                                                                                                                                 ; lpm_divide                        ; work         ;
;          |lpm_divide_jbm:auto_generated|                                                                                                ; 113 (0)             ; 0 (0)                     ; 0                 ; 0          ; 0    ; 0            ; |LightBoard|fade:fade4|lpm_divide:Div0|lpm_divide_jbm:auto_generated                                                                                                                                                                                                                                                                                   ; lpm_divide_jbm                    ; work         ;
;             |sign_div_unsign_1nh:divider|                                                                                               ; 113 (0)             ; 0 (0)                     ; 0                 ; 0          ; 0    ; 0            ; |LightBoard|fade:fade4|lpm_divide:Div0|lpm_divide_jbm:auto_generated|sign_div_unsign_1nh:divider                                                                                                                                                                                                                                                       ; sign_div_unsign_1nh               ; work         ;
;                |alt_u_div_82f:divider|                                                                                                  ; 113 (113)           ; 0 (0)                     ; 0                 ; 0          ; 0    ; 0            ; |LightBoard|fade:fade4|lpm_divide:Div0|lpm_divide_jbm:auto_generated|sign_div_unsign_1nh:divider|alt_u_div_82f:divider                                                                                                                                                                                                                                 ; alt_u_div_82f                     ; work         ;
;       |lpm_divide:Div1|                                                                                                                 ; 124 (0)             ; 0 (0)                     ; 0                 ; 0          ; 0    ; 0            ; |LightBoard|fade:fade4|lpm_divide:Div1                                                                                                                                                                                                                                                                                                                 ; lpm_divide                        ; work         ;
;          |lpm_divide_ibm:auto_generated|                                                                                                ; 124 (0)             ; 0 (0)                     ; 0                 ; 0          ; 0    ; 0            ; |LightBoard|fade:fade4|lpm_divide:Div1|lpm_divide_ibm:auto_generated                                                                                                                                                                                                                                                                                   ; lpm_divide_ibm                    ; work         ;
;             |sign_div_unsign_olh:divider|                                                                                               ; 124 (0)             ; 0 (0)                     ; 0                 ; 0          ; 0    ; 0            ; |LightBoard|fade:fade4|lpm_divide:Div1|lpm_divide_ibm:auto_generated|sign_div_unsign_olh:divider                                                                                                                                                                                                                                                       ; sign_div_unsign_olh               ; work         ;
;                |alt_u_div_mve:divider|                                                                                                  ; 124 (124)           ; 0 (0)                     ; 0                 ; 0          ; 0    ; 0            ; |LightBoard|fade:fade4|lpm_divide:Div1|lpm_divide_ibm:auto_generated|sign_div_unsign_olh:divider|alt_u_div_mve:divider                                                                                                                                                                                                                                 ; alt_u_div_mve                     ; work         ;
;    |fade:fade5|                                                                                                                         ; 392 (155)           ; 88 (88)                   ; 0                 ; 0          ; 0    ; 0            ; |LightBoard|fade:fade5                                                                                                                                                                                                                                                                                                                                 ; fade                              ; work         ;
;       |lpm_divide:Div0|                                                                                                                 ; 113 (0)             ; 0 (0)                     ; 0                 ; 0          ; 0    ; 0            ; |LightBoard|fade:fade5|lpm_divide:Div0                                                                                                                                                                                                                                                                                                                 ; lpm_divide                        ; work         ;
;          |lpm_divide_jbm:auto_generated|                                                                                                ; 113 (0)             ; 0 (0)                     ; 0                 ; 0          ; 0    ; 0            ; |LightBoard|fade:fade5|lpm_divide:Div0|lpm_divide_jbm:auto_generated                                                                                                                                                                                                                                                                                   ; lpm_divide_jbm                    ; work         ;
;             |sign_div_unsign_1nh:divider|                                                                                               ; 113 (0)             ; 0 (0)                     ; 0                 ; 0          ; 0    ; 0            ; |LightBoard|fade:fade5|lpm_divide:Div0|lpm_divide_jbm:auto_generated|sign_div_unsign_1nh:divider                                                                                                                                                                                                                                                       ; sign_div_unsign_1nh               ; work         ;
;                |alt_u_div_82f:divider|                                                                                                  ; 113 (113)           ; 0 (0)                     ; 0                 ; 0          ; 0    ; 0            ; |LightBoard|fade:fade5|lpm_divide:Div0|lpm_divide_jbm:auto_generated|sign_div_unsign_1nh:divider|alt_u_div_82f:divider                                                                                                                                                                                                                                 ; alt_u_div_82f                     ; work         ;
;       |lpm_divide:Div1|                                                                                                                 ; 124 (0)             ; 0 (0)                     ; 0                 ; 0          ; 0    ; 0            ; |LightBoard|fade:fade5|lpm_divide:Div1                                                                                                                                                                                                                                                                                                                 ; lpm_divide                        ; work         ;
;          |lpm_divide_ibm:auto_generated|                                                                                                ; 124 (0)             ; 0 (0)                     ; 0                 ; 0          ; 0    ; 0            ; |LightBoard|fade:fade5|lpm_divide:Div1|lpm_divide_ibm:auto_generated                                                                                                                                                                                                                                                                                   ; lpm_divide_ibm                    ; work         ;
;             |sign_div_unsign_olh:divider|                                                                                               ; 124 (0)             ; 0 (0)                     ; 0                 ; 0          ; 0    ; 0            ; |LightBoard|fade:fade5|lpm_divide:Div1|lpm_divide_ibm:auto_generated|sign_div_unsign_olh:divider                                                                                                                                                                                                                                                       ; sign_div_unsign_olh               ; work         ;
;                |alt_u_div_mve:divider|                                                                                                  ; 124 (124)           ; 0 (0)                     ; 0                 ; 0          ; 0    ; 0            ; |LightBoard|fade:fade5|lpm_divide:Div1|lpm_divide_ibm:auto_generated|sign_div_unsign_olh:divider|alt_u_div_mve:divider                                                                                                                                                                                                                                 ; alt_u_div_mve                     ; work         ;
;    |lpm_divide:Div0|                                                                                                                    ; 49 (0)              ; 0 (0)                     ; 0                 ; 0          ; 0    ; 0            ; |LightBoard|lpm_divide:Div0                                                                                                                                                                                                                                                                                                                            ; lpm_divide                        ; work         ;
;       |lpm_divide_5am:auto_generated|                                                                                                   ; 49 (0)              ; 0 (0)                     ; 0                 ; 0          ; 0    ; 0            ; |LightBoard|lpm_divide:Div0|lpm_divide_5am:auto_generated                                                                                                                                                                                                                                                                                              ; lpm_divide_5am                    ; work         ;
;          |sign_div_unsign_bkh:divider|                                                                                                  ; 49 (0)              ; 0 (0)                     ; 0                 ; 0          ; 0    ; 0            ; |LightBoard|lpm_divide:Div0|lpm_divide_5am:auto_generated|sign_div_unsign_bkh:divider                                                                                                                                                                                                                                                                  ; sign_div_unsign_bkh               ; work         ;
;             |alt_u_div_sse:divider|                                                                                                     ; 49 (49)             ; 0 (0)                     ; 0                 ; 0          ; 0    ; 0            ; |LightBoard|lpm_divide:Div0|lpm_divide_5am:auto_generated|sign_div_unsign_bkh:divider|alt_u_div_sse:divider                                                                                                                                                                                                                                            ; alt_u_div_sse                     ; work         ;
;    |lpm_divide:Div1|                                                                                                                    ; 24 (0)              ; 0 (0)                     ; 0                 ; 0          ; 0    ; 0            ; |LightBoard|lpm_divide:Div1                                                                                                                                                                                                                                                                                                                            ; lpm_divide                        ; work         ;
;       |lpm_divide_8am:auto_generated|                                                                                                   ; 24 (0)              ; 0 (0)                     ; 0                 ; 0          ; 0    ; 0            ; |LightBoard|lpm_divide:Div1|lpm_divide_8am:auto_generated                                                                                                                                                                                                                                                                                              ; lpm_divide_8am                    ; work         ;
;          |sign_div_unsign_ekh:divider|                                                                                                  ; 24 (0)              ; 0 (0)                     ; 0                 ; 0          ; 0    ; 0            ; |LightBoard|lpm_divide:Div1|lpm_divide_8am:auto_generated|sign_div_unsign_ekh:divider                                                                                                                                                                                                                                                                  ; sign_div_unsign_ekh               ; work         ;
;             |alt_u_div_2te:divider|                                                                                                     ; 24 (24)             ; 0 (0)                     ; 0                 ; 0          ; 0    ; 0            ; |LightBoard|lpm_divide:Div1|lpm_divide_8am:auto_generated|sign_div_unsign_ekh:divider|alt_u_div_2te:divider                                                                                                                                                                                                                                            ; alt_u_div_2te                     ; work         ;
;    |lpm_divide:Mod0|                                                                                                                    ; 53 (0)              ; 0 (0)                     ; 0                 ; 0          ; 0    ; 0            ; |LightBoard|lpm_divide:Mod0                                                                                                                                                                                                                                                                                                                            ; lpm_divide                        ; work         ;
;       |lpm_divide_82m:auto_generated|                                                                                                   ; 53 (0)              ; 0 (0)                     ; 0                 ; 0          ; 0    ; 0            ; |LightBoard|lpm_divide:Mod0|lpm_divide_82m:auto_generated                                                                                                                                                                                                                                                                                              ; lpm_divide_82m                    ; work         ;
;          |sign_div_unsign_bkh:divider|                                                                                                  ; 53 (0)              ; 0 (0)                     ; 0                 ; 0          ; 0    ; 0            ; |LightBoard|lpm_divide:Mod0|lpm_divide_82m:auto_generated|sign_div_unsign_bkh:divider                                                                                                                                                                                                                                                                  ; sign_div_unsign_bkh               ; work         ;
;             |alt_u_div_sse:divider|                                                                                                     ; 53 (53)             ; 0 (0)                     ; 0                 ; 0          ; 0    ; 0            ; |LightBoard|lpm_divide:Mod0|lpm_divide_82m:auto_generated|sign_div_unsign_bkh:divider|alt_u_div_sse:divider                                                                                                                                                                                                                                            ; alt_u_div_sse                     ; work         ;
;    |lpm_divide:Mod1|                                                                                                                    ; 38 (0)              ; 0 (0)                     ; 0                 ; 0          ; 0    ; 0            ; |LightBoard|lpm_divide:Mod1                                                                                                                                                                                                                                                                                                                            ; lpm_divide                        ; work         ;
;       |lpm_divide_82m:auto_generated|                                                                                                   ; 38 (0)              ; 0 (0)                     ; 0                 ; 0          ; 0    ; 0            ; |LightBoard|lpm_divide:Mod1|lpm_divide_82m:auto_generated                                                                                                                                                                                                                                                                                              ; lpm_divide_82m                    ; work         ;
;          |sign_div_unsign_bkh:divider|                                                                                                  ; 38 (0)              ; 0 (0)                     ; 0                 ; 0          ; 0    ; 0            ; |LightBoard|lpm_divide:Mod1|lpm_divide_82m:auto_generated|sign_div_unsign_bkh:divider                                                                                                                                                                                                                                                                  ; sign_div_unsign_bkh               ; work         ;
;             |alt_u_div_sse:divider|                                                                                                     ; 38 (38)             ; 0 (0)                     ; 0                 ; 0          ; 0    ; 0            ; |LightBoard|lpm_divide:Mod1|lpm_divide_82m:auto_generated|sign_div_unsign_bkh:divider|alt_u_div_sse:divider                                                                                                                                                                                                                                            ; alt_u_div_sse                     ; work         ;
;    |packet:sendpacket|                                                                                                                  ; 1235 (1235)         ; 5682 (5682)               ; 0                 ; 0          ; 0    ; 0            ; |LightBoard|packet:sendpacket                                                                                                                                                                                                                                                                                                                          ; packet                            ; work         ;
;    |seven_segment:seven_segment_100s|                                                                                                   ; 3 (3)               ; 0 (0)                     ; 0                 ; 0          ; 0    ; 0            ; |LightBoard|seven_segment:seven_segment_100s                                                                                                                                                                                                                                                                                                           ; seven_segment                     ; work         ;
;    |seven_segment:seven_segment_10s|                                                                                                    ; 7 (7)               ; 0 (0)                     ; 0                 ; 0          ; 0    ; 0            ; |LightBoard|seven_segment:seven_segment_10s                                                                                                                                                                                                                                                                                                            ; seven_segment                     ; work         ;
;    |seven_segment:seven_segment_1s|                                                                                                     ; 7 (7)               ; 0 (0)                     ; 0                 ; 0          ; 0    ; 0            ; |LightBoard|seven_segment:seven_segment_1s                                                                                                                                                                                                                                                                                                             ; seven_segment                     ; work         ;
;    |sld_hub:auto_hub|                                                                                                                   ; 91 (1)              ; 90 (0)                    ; 0                 ; 0          ; 0    ; 0            ; |LightBoard|sld_hub:auto_hub                                                                                                                                                                                                                                                                                                                           ; sld_hub                           ; altera_sld   ;
;       |alt_sld_fab_with_jtag_input:\instrumentation_fabric_with_node_gen:fabric_gen_new_way:with_jtag_input_gen:instrumentation_fabric| ; 90 (0)              ; 90 (0)                    ; 0                 ; 0          ; 0    ; 0            ; |LightBoard|sld_hub:auto_hub|alt_sld_fab_with_jtag_input:\instrumentation_fabric_with_node_gen:fabric_gen_new_way:with_jtag_input_gen:instrumentation_fabric                                                                                                                                                                                           ; alt_sld_fab_with_jtag_input       ; altera_sld   ;
;          |alt_sld_fab:instrumentation_fabric|                                                                                           ; 90 (0)              ; 90 (0)                    ; 0                 ; 0          ; 0    ; 0            ; |LightBoard|sld_hub:auto_hub|alt_sld_fab_with_jtag_input:\instrumentation_fabric_with_node_gen:fabric_gen_new_way:with_jtag_input_gen:instrumentation_fabric|alt_sld_fab:instrumentation_fabric                                                                                                                                                        ; alt_sld_fab                       ; alt_sld_fab  ;
;             |alt_sld_fab_alt_sld_fab:alt_sld_fab|                                                                                       ; 90 (1)              ; 90 (5)                    ; 0                 ; 0          ; 0    ; 0            ; |LightBoard|sld_hub:auto_hub|alt_sld_fab_with_jtag_input:\instrumentation_fabric_with_node_gen:fabric_gen_new_way:with_jtag_input_gen:instrumentation_fabric|alt_sld_fab:instrumentation_fabric|alt_sld_fab_alt_sld_fab:alt_sld_fab                                                                                                                    ; alt_sld_fab_alt_sld_fab           ; alt_sld_fab  ;
;                |alt_sld_fab_alt_sld_fab_sldfabric:sldfabric|                                                                            ; 89 (0)              ; 85 (0)                    ; 0                 ; 0          ; 0    ; 0            ; |LightBoard|sld_hub:auto_hub|alt_sld_fab_with_jtag_input:\instrumentation_fabric_with_node_gen:fabric_gen_new_way:with_jtag_input_gen:instrumentation_fabric|alt_sld_fab:instrumentation_fabric|alt_sld_fab_alt_sld_fab:alt_sld_fab|alt_sld_fab_alt_sld_fab_sldfabric:sldfabric                                                                        ; alt_sld_fab_alt_sld_fab_sldfabric ; alt_sld_fab  ;
;                   |sld_jtag_hub:\jtag_hub_gen:real_sld_jtag_hub|                                                                        ; 89 (56)             ; 85 (57)                   ; 0                 ; 0          ; 0    ; 0            ; |LightBoard|sld_hub:auto_hub|alt_sld_fab_with_jtag_input:\instrumentation_fabric_with_node_gen:fabric_gen_new_way:with_jtag_input_gen:instrumentation_fabric|alt_sld_fab:instrumentation_fabric|alt_sld_fab_alt_sld_fab:alt_sld_fab|alt_sld_fab_alt_sld_fab_sldfabric:sldfabric|sld_jtag_hub:\jtag_hub_gen:real_sld_jtag_hub                           ; sld_jtag_hub                      ; work         ;
;                      |sld_rom_sr:hub_info_reg|                                                                                          ; 15 (15)             ; 9 (9)                     ; 0                 ; 0          ; 0    ; 0            ; |LightBoard|sld_hub:auto_hub|alt_sld_fab_with_jtag_input:\instrumentation_fabric_with_node_gen:fabric_gen_new_way:with_jtag_input_gen:instrumentation_fabric|alt_sld_fab:instrumentation_fabric|alt_sld_fab_alt_sld_fab:alt_sld_fab|alt_sld_fab_alt_sld_fab_sldfabric:sldfabric|sld_jtag_hub:\jtag_hub_gen:real_sld_jtag_hub|sld_rom_sr:hub_info_reg   ; sld_rom_sr                        ; work         ;
;                      |sld_shadow_jsm:shadow_jsm|                                                                                        ; 18 (18)             ; 19 (19)                   ; 0                 ; 0          ; 0    ; 0            ; |LightBoard|sld_hub:auto_hub|alt_sld_fab_with_jtag_input:\instrumentation_fabric_with_node_gen:fabric_gen_new_way:with_jtag_input_gen:instrumentation_fabric|alt_sld_fab:instrumentation_fabric|alt_sld_fab_alt_sld_fab:alt_sld_fab|alt_sld_fab_alt_sld_fab_sldfabric:sldfabric|sld_jtag_hub:\jtag_hub_gen:real_sld_jtag_hub|sld_shadow_jsm:shadow_jsm ; sld_shadow_jsm                    ; altera_sld   ;
;    |sld_signaltap:auto_signaltap_0|                                                                                                     ; 283 (2)             ; 475 (2)                   ; 131072            ; 0          ; 0    ; 0            ; |LightBoard|sld_signaltap:auto_signaltap_0                                                                                                                                                                                                                                                                                                             ; sld_signaltap                     ; work         ;
;       |sld_signaltap_impl:sld_signaltap_body|                                                                                           ; 281 (0)             ; 473 (0)                   ; 131072            ; 0          ; 0    ; 0            ; |LightBoard|sld_signaltap:auto_signaltap_0|sld_signaltap_impl:sld_signaltap_body                                                                                                                                                                                                                                                                       ; sld_signaltap_impl                ; work         ;
;          |sld_signaltap_implb:sld_signaltap_body|                                                                                       ; 281 (67)            ; 473 (98)                  ; 131072            ; 0          ; 0    ; 0            ; |LightBoard|sld_signaltap:auto_signaltap_0|sld_signaltap_impl:sld_signaltap_body|sld_signaltap_implb:sld_signaltap_body                                                                                                                                                                                                                                ; sld_signaltap_implb               ; work         ;
;             |altdpram:\stp_non_zero_ram_gen:attribute_mem_gen:attribute_mem|                                                            ; 2 (0)               ; 106 (106)                 ; 0                 ; 0          ; 0    ; 0            ; |LightBoard|sld_signaltap:auto_signaltap_0|sld_signaltap_impl:sld_signaltap_body|sld_signaltap_implb:sld_signaltap_body|altdpram:\stp_non_zero_ram_gen:attribute_mem_gen:attribute_mem                                                                                                                                                                 ; altdpram                          ; work         ;
;                |lpm_decode:wdecoder|                                                                                                    ; 2 (0)               ; 0 (0)                     ; 0                 ; 0          ; 0    ; 0            ; |LightBoard|sld_signaltap:auto_signaltap_0|sld_signaltap_impl:sld_signaltap_body|sld_signaltap_implb:sld_signaltap_body|altdpram:\stp_non_zero_ram_gen:attribute_mem_gen:attribute_mem|lpm_decode:wdecoder                                                                                                                                             ; lpm_decode                        ; work         ;
;                   |decode_vnf:auto_generated|                                                                                           ; 2 (2)               ; 0 (0)                     ; 0                 ; 0          ; 0    ; 0            ; |LightBoard|sld_signaltap:auto_signaltap_0|sld_signaltap_impl:sld_signaltap_body|sld_signaltap_implb:sld_signaltap_body|altdpram:\stp_non_zero_ram_gen:attribute_mem_gen:attribute_mem|lpm_decode:wdecoder|decode_vnf:auto_generated                                                                                                                   ; decode_vnf                        ; work         ;
;             |altsyncram:\stp_non_zero_ram_gen:stp_buffer_ram|                                                                           ; 21 (0)              ; 4 (0)                     ; 131072            ; 0          ; 0    ; 0            ; |LightBoard|sld_signaltap:auto_signaltap_0|sld_signaltap_impl:sld_signaltap_body|sld_signaltap_implb:sld_signaltap_body|altsyncram:\stp_non_zero_ram_gen:stp_buffer_ram                                                                                                                                                                                ; altsyncram                        ; work         ;
;                |altsyncram_gk84:auto_generated|                                                                                         ; 21 (0)              ; 4 (4)                     ; 131072            ; 0          ; 0    ; 0            ; |LightBoard|sld_signaltap:auto_signaltap_0|sld_signaltap_impl:sld_signaltap_body|sld_signaltap_implb:sld_signaltap_body|altsyncram:\stp_non_zero_ram_gen:stp_buffer_ram|altsyncram_gk84:auto_generated                                                                                                                                                 ; altsyncram_gk84                   ; work         ;
;                   |decode_tma:decode2|                                                                                                  ; 16 (16)             ; 0 (0)                     ; 0                 ; 0          ; 0    ; 0            ; |LightBoard|sld_signaltap:auto_signaltap_0|sld_signaltap_impl:sld_signaltap_body|sld_signaltap_implb:sld_signaltap_body|altsyncram:\stp_non_zero_ram_gen:stp_buffer_ram|altsyncram_gk84:auto_generated|decode_tma:decode2                                                                                                                              ; decode_tma                        ; work         ;
;                   |mux_6hb:mux3|                                                                                                        ; 5 (5)               ; 0 (0)                     ; 0                 ; 0          ; 0    ; 0            ; |LightBoard|sld_signaltap:auto_signaltap_0|sld_signaltap_impl:sld_signaltap_body|sld_signaltap_implb:sld_signaltap_body|altsyncram:\stp_non_zero_ram_gen:stp_buffer_ram|altsyncram_gk84:auto_generated|mux_6hb:mux3                                                                                                                                    ; mux_6hb                           ; work         ;
;             |lpm_shiftreg:segment_offset_config_deserialize|                                                                            ; 0 (0)               ; 17 (17)                   ; 0                 ; 0          ; 0    ; 0            ; |LightBoard|sld_signaltap:auto_signaltap_0|sld_signaltap_impl:sld_signaltap_body|sld_signaltap_implb:sld_signaltap_body|lpm_shiftreg:segment_offset_config_deserialize                                                                                                                                                                                 ; lpm_shiftreg                      ; work         ;
;             |lpm_shiftreg:status_register|                                                                                              ; 17 (17)             ; 17 (17)                   ; 0                 ; 0          ; 0    ; 0            ; |LightBoard|sld_signaltap:auto_signaltap_0|sld_signaltap_impl:sld_signaltap_body|sld_signaltap_implb:sld_signaltap_body|lpm_shiftreg:status_register                                                                                                                                                                                                   ; lpm_shiftreg                      ; work         ;
;             |serial_crc_16:\tdo_crc_gen:tdo_crc_calc|                                                                                   ; 4 (4)               ; 13 (13)                   ; 0                 ; 0          ; 0    ; 0            ; |LightBoard|sld_signaltap:auto_signaltap_0|sld_signaltap_impl:sld_signaltap_body|sld_signaltap_implb:sld_signaltap_body|serial_crc_16:\tdo_crc_gen:tdo_crc_calc                                                                                                                                                                                        ; serial_crc_16                     ; work         ;
;             |sld_buffer_manager:sld_buffer_manager_inst|                                                                                ; 112 (112)           ; 94 (94)                   ; 0                 ; 0          ; 0    ; 0            ; |LightBoard|sld_signaltap:auto_signaltap_0|sld_signaltap_impl:sld_signaltap_body|sld_signaltap_implb:sld_signaltap_body|sld_buffer_manager:sld_buffer_manager_inst                                                                                                                                                                                     ; sld_buffer_manager                ; work         ;
;             |sld_ela_control:ela_control|                                                                                               ; 3 (1)               ; 21 (1)                    ; 0                 ; 0          ; 0    ; 0            ; |LightBoard|sld_signaltap:auto_signaltap_0|sld_signaltap_impl:sld_signaltap_body|sld_signaltap_implb:sld_signaltap_body|sld_ela_control:ela_control                                                                                                                                                                                                    ; sld_ela_control                   ; work         ;
;                |lpm_shiftreg:trigger_config_deserialize|                                                                                ; 0 (0)               ; 4 (4)                     ; 0                 ; 0          ; 0    ; 0            ; |LightBoard|sld_signaltap:auto_signaltap_0|sld_signaltap_impl:sld_signaltap_body|sld_signaltap_implb:sld_signaltap_body|sld_ela_control:ela_control|lpm_shiftreg:trigger_config_deserialize                                                                                                                                                            ; lpm_shiftreg                      ; work         ;
;                |sld_ela_basic_multi_level_trigger:\basic_multi_level_mbpm_trigger_gen:multi_level_mbpm|                                 ; 1 (0)               ; 5 (0)                     ; 0                 ; 0          ; 0    ; 0            ; |LightBoard|sld_signaltap:auto_signaltap_0|sld_signaltap_impl:sld_signaltap_body|sld_signaltap_implb:sld_signaltap_body|sld_ela_control:ela_control|sld_ela_basic_multi_level_trigger:\basic_multi_level_mbpm_trigger_gen:multi_level_mbpm                                                                                                             ; sld_ela_basic_multi_level_trigger ; work         ;
;                   |lpm_shiftreg:trigger_condition_deserialize|                                                                          ; 0 (0)               ; 3 (3)                     ; 0                 ; 0          ; 0    ; 0            ; |LightBoard|sld_signaltap:auto_signaltap_0|sld_signaltap_impl:sld_signaltap_body|sld_signaltap_implb:sld_signaltap_body|sld_ela_control:ela_control|sld_ela_basic_multi_level_trigger:\basic_multi_level_mbpm_trigger_gen:multi_level_mbpm|lpm_shiftreg:trigger_condition_deserialize                                                                  ; lpm_shiftreg                      ; work         ;
;                   |sld_mbpmg:\trigger_modules_gen:0:trigger_match|                                                                      ; 1 (0)               ; 2 (0)                     ; 0                 ; 0          ; 0    ; 0            ; |LightBoard|sld_signaltap:auto_signaltap_0|sld_signaltap_impl:sld_signaltap_body|sld_signaltap_implb:sld_signaltap_body|sld_ela_control:ela_control|sld_ela_basic_multi_level_trigger:\basic_multi_level_mbpm_trigger_gen:multi_level_mbpm|sld_mbpmg:\trigger_modules_gen:0:trigger_match                                                              ; sld_mbpmg                         ; work         ;
;                      |sld_sbpmg:\gen_sbpmg_pipeline_less_than_two:sm0:0:sm1|                                                            ; 1 (1)               ; 2 (2)                     ; 0                 ; 0          ; 0    ; 0            ; |LightBoard|sld_signaltap:auto_signaltap_0|sld_signaltap_impl:sld_signaltap_body|sld_signaltap_implb:sld_signaltap_body|sld_ela_control:ela_control|sld_ela_basic_multi_level_trigger:\basic_multi_level_mbpm_trigger_gen:multi_level_mbpm|sld_mbpmg:\trigger_modules_gen:0:trigger_match|sld_sbpmg:\gen_sbpmg_pipeline_less_than_two:sm0:0:sm1        ; sld_sbpmg                         ; work         ;
;                |sld_ela_trigger_flow_mgr:\builtin:ela_trigger_flow_mgr_entity|                                                          ; 1 (1)               ; 11 (1)                    ; 0                 ; 0          ; 0    ; 0            ; |LightBoard|sld_signaltap:auto_signaltap_0|sld_signaltap_impl:sld_signaltap_body|sld_signaltap_implb:sld_signaltap_body|sld_ela_control:ela_control|sld_ela_trigger_flow_mgr:\builtin:ela_trigger_flow_mgr_entity                                                                                                                                      ; sld_ela_trigger_flow_mgr          ; work         ;
;                   |lpm_shiftreg:trigger_config_deserialize|                                                                             ; 0 (0)               ; 10 (10)                   ; 0                 ; 0          ; 0    ; 0            ; |LightBoard|sld_signaltap:auto_signaltap_0|sld_signaltap_impl:sld_signaltap_body|sld_signaltap_implb:sld_signaltap_body|sld_ela_control:ela_control|sld_ela_trigger_flow_mgr:\builtin:ela_trigger_flow_mgr_entity|lpm_shiftreg:trigger_config_deserialize                                                                                              ; lpm_shiftreg                      ; work         ;
;             |sld_offload_buffer_mgr:\stp_non_zero_depth_offload_gen:stp_offload_buff_mgr_inst|                                          ; 35 (6)              ; 95 (0)                    ; 0                 ; 0          ; 0    ; 0            ; |LightBoard|sld_signaltap:auto_signaltap_0|sld_signaltap_impl:sld_signaltap_body|sld_signaltap_implb:sld_signaltap_body|sld_offload_buffer_mgr:\stp_non_zero_depth_offload_gen:stp_offload_buff_mgr_inst                                                                                                                                               ; sld_offload_buffer_mgr            ; work         ;
;                |lpm_counter:read_pointer_counter|                                                                                       ; 17 (0)              ; 17 (0)                    ; 0                 ; 0          ; 0    ; 0            ; |LightBoard|sld_signaltap:auto_signaltap_0|sld_signaltap_impl:sld_signaltap_body|sld_signaltap_implb:sld_signaltap_body|sld_offload_buffer_mgr:\stp_non_zero_depth_offload_gen:stp_offload_buff_mgr_inst|lpm_counter:read_pointer_counter                                                                                                              ; lpm_counter                       ; work         ;
;                   |cntr_85j:auto_generated|                                                                                             ; 17 (17)             ; 17 (17)                   ; 0                 ; 0          ; 0    ; 0            ; |LightBoard|sld_signaltap:auto_signaltap_0|sld_signaltap_impl:sld_signaltap_body|sld_signaltap_implb:sld_signaltap_body|sld_offload_buffer_mgr:\stp_non_zero_depth_offload_gen:stp_offload_buff_mgr_inst|lpm_counter:read_pointer_counter|cntr_85j:auto_generated                                                                                      ; cntr_85j                          ; work         ;
;                |lpm_counter:status_advance_pointer_counter|                                                                             ; 8 (0)               ; 6 (0)                     ; 0                 ; 0          ; 0    ; 0            ; |LightBoard|sld_signaltap:auto_signaltap_0|sld_signaltap_impl:sld_signaltap_body|sld_signaltap_implb:sld_signaltap_body|sld_offload_buffer_mgr:\stp_non_zero_depth_offload_gen:stp_offload_buff_mgr_inst|lpm_counter:status_advance_pointer_counter                                                                                                    ; lpm_counter                       ; work         ;
;                   |cntr_49i:auto_generated|                                                                                             ; 8 (8)               ; 6 (6)                     ; 0                 ; 0          ; 0    ; 0            ; |LightBoard|sld_signaltap:auto_signaltap_0|sld_signaltap_impl:sld_signaltap_body|sld_signaltap_implb:sld_signaltap_body|sld_offload_buffer_mgr:\stp_non_zero_depth_offload_gen:stp_offload_buff_mgr_inst|lpm_counter:status_advance_pointer_counter|cntr_49i:auto_generated                                                                            ; cntr_49i                          ; work         ;
;                |lpm_counter:status_read_pointer_counter|                                                                                ; 3 (0)               ; 1 (0)                     ; 0                 ; 0          ; 0    ; 0            ; |LightBoard|sld_signaltap:auto_signaltap_0|sld_signaltap_impl:sld_signaltap_body|sld_signaltap_implb:sld_signaltap_body|sld_offload_buffer_mgr:\stp_non_zero_depth_offload_gen:stp_offload_buff_mgr_inst|lpm_counter:status_read_pointer_counter                                                                                                       ; lpm_counter                       ; work         ;
;                   |cntr_kri:auto_generated|                                                                                             ; 3 (3)               ; 1 (1)                     ; 0                 ; 0          ; 0    ; 0            ; |LightBoard|sld_signaltap:auto_signaltap_0|sld_signaltap_impl:sld_signaltap_body|sld_signaltap_implb:sld_signaltap_body|sld_offload_buffer_mgr:\stp_non_zero_depth_offload_gen:stp_offload_buff_mgr_inst|lpm_counter:status_read_pointer_counter|cntr_kri:auto_generated                                                                               ; cntr_kri                          ; work         ;
;                |lpm_shiftreg:info_data_shift_out|                                                                                       ; 0 (0)               ; 35 (35)                   ; 0                 ; 0          ; 0    ; 0            ; |LightBoard|sld_signaltap:auto_signaltap_0|sld_signaltap_impl:sld_signaltap_body|sld_signaltap_implb:sld_signaltap_body|sld_offload_buffer_mgr:\stp_non_zero_depth_offload_gen:stp_offload_buff_mgr_inst|lpm_shiftreg:info_data_shift_out                                                                                                              ; lpm_shiftreg                      ; work         ;
;                |lpm_shiftreg:ram_data_shift_out|                                                                                        ; 0 (0)               ; 1 (1)                     ; 0                 ; 0          ; 0    ; 0            ; |LightBoard|sld_signaltap:auto_signaltap_0|sld_signaltap_impl:sld_signaltap_body|sld_signaltap_implb:sld_signaltap_body|sld_offload_buffer_mgr:\stp_non_zero_depth_offload_gen:stp_offload_buff_mgr_inst|lpm_shiftreg:ram_data_shift_out                                                                                                               ; lpm_shiftreg                      ; work         ;
;                |lpm_shiftreg:status_data_shift_out|                                                                                     ; 1 (1)               ; 35 (35)                   ; 0                 ; 0          ; 0    ; 0            ; |LightBoard|sld_signaltap:auto_signaltap_0|sld_signaltap_impl:sld_signaltap_body|sld_signaltap_implb:sld_signaltap_body|sld_offload_buffer_mgr:\stp_non_zero_depth_offload_gen:stp_offload_buff_mgr_inst|lpm_shiftreg:status_data_shift_out                                                                                                            ; lpm_shiftreg                      ; work         ;
;             |sld_rom_sr:crc_rom_sr|                                                                                                     ; 20 (20)             ; 8 (8)                     ; 0                 ; 0          ; 0    ; 0            ; |LightBoard|sld_signaltap:auto_signaltap_0|sld_signaltap_impl:sld_signaltap_body|sld_signaltap_implb:sld_signaltap_body|sld_rom_sr:crc_rom_sr                                                                                                                                                                                                          ; sld_rom_sr                        ; work         ;
+-----------------------------------------------------------------------------------------------------------------------------------------+---------------------+---------------------------+-------------------+------------+------+--------------+--------------------------------------------------------------------------------------------------------------------------------------------------------------------------------------------------------------------------------------------------------------------------------------------------------------------------------------------------------+-----------------------------------+--------------+
Note: For table entries with two numbers listed, the numbers in parentheses indicate the number of resources of the given type used by the specific entity alone. The numbers listed outside of parentheses indicate the total resources of the given type used by the specific entity and all of its sub-entities in the hierarchy.


+-------------------------------------------------------------------------------------------------------------------------------------------------------------------------------------------------------------------------------------------------------------------------------------------------------------+
; Analysis & Synthesis RAM Summary                                                                                                                                                                                                                                                                            ;
+-------------------------------------------------------------------------------------------------------------------------------------------------------------------------------------------------------+------+------------------+--------------+--------------+--------------+--------------+--------+------+
; Name                                                                                                                                                                                                  ; Type ; Mode             ; Port A Depth ; Port A Width ; Port B Depth ; Port B Width ; Size   ; MIF  ;
+-------------------------------------------------------------------------------------------------------------------------------------------------------------------------------------------------------+------+------------------+--------------+--------------+--------------+--------------+--------+------+
; sld_signaltap:auto_signaltap_0|sld_signaltap_impl:sld_signaltap_body|sld_signaltap_implb:sld_signaltap_body|altsyncram:\stp_non_zero_ram_gen:stp_buffer_ram|altsyncram_gk84:auto_generated|ALTSYNCRAM ; AUTO ; Simple Dual Port ; 131072       ; 1            ; 131072       ; 1            ; 131072 ; None ;
+-------------------------------------------------------------------------------------------------------------------------------------------------------------------------------------------------------+------+------------------+--------------+--------------+--------------+--------------+--------+------+


+-------------------------------------------------------------------------------------------------------------------------------------------------------------------------------------------------------------------------------------------------------------------------------------------------------------------------------------------------------------------+
; Analysis & Synthesis IP Cores Summary                                                                                                                                                                                                                                                                                                                             ;
+--------+--------------+---------+--------------+--------------+---------------------------------------------------------------------------------------------------------------------------------------------------------------------------------------------------------------------------------------------------------------------------------+-----------------+
; Vendor ; IP Core Name ; Version ; Release Date ; License Type ; Entity Instance                                                                                                                                                                                                                                                                 ; IP Include File ;
+--------+--------------+---------+--------------+--------------+---------------------------------------------------------------------------------------------------------------------------------------------------------------------------------------------------------------------------------------------------------------------------------+-----------------+
; Altera ; Signal Tap   ; N/A     ; N/A          ; Licensed     ; |LightBoard|sld_hub:auto_hub|alt_sld_fab_with_jtag_input:\instrumentation_fabric_with_node_gen:fabric_gen_new_way:with_jtag_input_gen:instrumentation_fabric|alt_sld_fab:instrumentation_fabric                                                                                 ;                 ;
; Altera ; Signal Tap   ; N/A     ; N/A          ; Licensed     ; |LightBoard|sld_hub:auto_hub|alt_sld_fab_with_jtag_input:\instrumentation_fabric_with_node_gen:fabric_gen_new_way:with_jtag_input_gen:instrumentation_fabric|alt_sld_fab:instrumentation_fabric|alt_sld_fab_alt_sld_fab:alt_sld_fab                                             ;                 ;
; Altera ; Signal Tap   ; N/A     ; N/A          ; Licensed     ; |LightBoard|sld_hub:auto_hub|alt_sld_fab_with_jtag_input:\instrumentation_fabric_with_node_gen:fabric_gen_new_way:with_jtag_input_gen:instrumentation_fabric|alt_sld_fab:instrumentation_fabric|alt_sld_fab_alt_sld_fab:alt_sld_fab|alt_sld_fab_alt_sld_fab_presplit:presplit   ;                 ;
; Altera ; Signal Tap   ; N/A     ; N/A          ; Licensed     ; |LightBoard|sld_hub:auto_hub|alt_sld_fab_with_jtag_input:\instrumentation_fabric_with_node_gen:fabric_gen_new_way:with_jtag_input_gen:instrumentation_fabric|alt_sld_fab:instrumentation_fabric|alt_sld_fab_alt_sld_fab:alt_sld_fab|alt_sld_fab_alt_sld_fab_sldfabric:sldfabric ;                 ;
; Altera ; Signal Tap   ; N/A     ; N/A          ; Licensed     ; |LightBoard|sld_hub:auto_hub|alt_sld_fab_with_jtag_input:\instrumentation_fabric_with_node_gen:fabric_gen_new_way:with_jtag_input_gen:instrumentation_fabric|alt_sld_fab:instrumentation_fabric|alt_sld_fab_alt_sld_fab:alt_sld_fab|alt_sld_fab_alt_sld_fab_splitter:splitter   ;                 ;
+--------+--------------+---------+--------------+--------------+---------------------------------------------------------------------------------------------------------------------------------------------------------------------------------------------------------------------------------------------------------------------------------+-----------------+


Encoding Type:  One-Hot
+-----------------------------------------------------------------------------------------------------------------------------------------------------------------------------------------------------------------------+
; State Machine - |LightBoard|S                                                                                                                                                                                         ;
+------------+--------+------------+------------+------------+-------+--------+-------+--------+--------+---------+--------+---------+--------+---------+--------+---------+-------+--------+--------+---------+--------+
; Name       ; S.INIT ; S.FADEDONE ; S.FADEWAIT ; S.DEFSHIFT ; S.SET ; S.SETX ; S.QGO ; S.QGOX ; S.RECQ ; S.RECQX ; S.TIME ; S.TIMEX ; S.QNUM ; S.QNUMX ; S.RECA ; S.RECAX ; S.VAL ; S.VALX ; S.ADDR ; S.ADDRX ; S.HOME ;
+------------+--------+------------+------------+------------+-------+--------+-------+--------+--------+---------+--------+---------+--------+---------+--------+---------+-------+--------+--------+---------+--------+
; S.HOME     ; 0      ; 0          ; 0          ; 0          ; 0     ; 0      ; 0     ; 0      ; 0      ; 0       ; 0      ; 0       ; 0      ; 0       ; 0      ; 0       ; 0     ; 0      ; 0      ; 0       ; 0      ;
; S.ADDRX    ; 0      ; 0          ; 0          ; 0          ; 0     ; 0      ; 0     ; 0      ; 0      ; 0       ; 0      ; 0       ; 0      ; 0       ; 0      ; 0       ; 0     ; 0      ; 0      ; 1       ; 1      ;
; S.ADDR     ; 0      ; 0          ; 0          ; 0          ; 0     ; 0      ; 0     ; 0      ; 0      ; 0       ; 0      ; 0       ; 0      ; 0       ; 0      ; 0       ; 0     ; 0      ; 1      ; 0       ; 1      ;
; S.VALX     ; 0      ; 0          ; 0          ; 0          ; 0     ; 0      ; 0     ; 0      ; 0      ; 0       ; 0      ; 0       ; 0      ; 0       ; 0      ; 0       ; 0     ; 1      ; 0      ; 0       ; 1      ;
; S.VAL      ; 0      ; 0          ; 0          ; 0          ; 0     ; 0      ; 0     ; 0      ; 0      ; 0       ; 0      ; 0       ; 0      ; 0       ; 0      ; 0       ; 1     ; 0      ; 0      ; 0       ; 1      ;
; S.RECAX    ; 0      ; 0          ; 0          ; 0          ; 0     ; 0      ; 0     ; 0      ; 0      ; 0       ; 0      ; 0       ; 0      ; 0       ; 0      ; 1       ; 0     ; 0      ; 0      ; 0       ; 1      ;
; S.RECA     ; 0      ; 0          ; 0          ; 0          ; 0     ; 0      ; 0     ; 0      ; 0      ; 0       ; 0      ; 0       ; 0      ; 0       ; 1      ; 0       ; 0     ; 0      ; 0      ; 0       ; 1      ;
; S.QNUMX    ; 0      ; 0          ; 0          ; 0          ; 0     ; 0      ; 0     ; 0      ; 0      ; 0       ; 0      ; 0       ; 0      ; 1       ; 0      ; 0       ; 0     ; 0      ; 0      ; 0       ; 1      ;
; S.QNUM     ; 0      ; 0          ; 0          ; 0          ; 0     ; 0      ; 0     ; 0      ; 0      ; 0       ; 0      ; 0       ; 1      ; 0       ; 0      ; 0       ; 0     ; 0      ; 0      ; 0       ; 1      ;
; S.TIMEX    ; 0      ; 0          ; 0          ; 0          ; 0     ; 0      ; 0     ; 0      ; 0      ; 0       ; 0      ; 1       ; 0      ; 0       ; 0      ; 0       ; 0     ; 0      ; 0      ; 0       ; 1      ;
; S.TIME     ; 0      ; 0          ; 0          ; 0          ; 0     ; 0      ; 0     ; 0      ; 0      ; 0       ; 1      ; 0       ; 0      ; 0       ; 0      ; 0       ; 0     ; 0      ; 0      ; 0       ; 1      ;
; S.RECQX    ; 0      ; 0          ; 0          ; 0          ; 0     ; 0      ; 0     ; 0      ; 0      ; 1       ; 0      ; 0       ; 0      ; 0       ; 0      ; 0       ; 0     ; 0      ; 0      ; 0       ; 1      ;
; S.RECQ     ; 0      ; 0          ; 0          ; 0          ; 0     ; 0      ; 0     ; 0      ; 1      ; 0       ; 0      ; 0       ; 0      ; 0       ; 0      ; 0       ; 0     ; 0      ; 0      ; 0       ; 1      ;
; S.QGOX     ; 0      ; 0          ; 0          ; 0          ; 0     ; 0      ; 0     ; 1      ; 0      ; 0       ; 0      ; 0       ; 0      ; 0       ; 0      ; 0       ; 0     ; 0      ; 0      ; 0       ; 1      ;
; S.QGO      ; 0      ; 0          ; 0          ; 0          ; 0     ; 0      ; 1     ; 0      ; 0      ; 0       ; 0      ; 0       ; 0      ; 0       ; 0      ; 0       ; 0     ; 0      ; 0      ; 0       ; 1      ;
; S.SETX     ; 0      ; 0          ; 0          ; 0          ; 0     ; 1      ; 0     ; 0      ; 0      ; 0       ; 0      ; 0       ; 0      ; 0       ; 0      ; 0       ; 0     ; 0      ; 0      ; 0       ; 1      ;
; S.SET      ; 0      ; 0          ; 0          ; 0          ; 1     ; 0      ; 0     ; 0      ; 0      ; 0       ; 0      ; 0       ; 0      ; 0       ; 0      ; 0       ; 0     ; 0      ; 0      ; 0       ; 1      ;
; S.DEFSHIFT ; 0      ; 0          ; 0          ; 1          ; 0     ; 0      ; 0     ; 0      ; 0      ; 0       ; 0      ; 0       ; 0      ; 0       ; 0      ; 0       ; 0     ; 0      ; 0      ; 0       ; 1      ;
; S.FADEWAIT ; 0      ; 0          ; 1          ; 0          ; 0     ; 0      ; 0     ; 0      ; 0      ; 0       ; 0      ; 0       ; 0      ; 0       ; 0      ; 0       ; 0     ; 0      ; 0      ; 0       ; 1      ;
; S.FADEDONE ; 0      ; 1          ; 0          ; 0          ; 0     ; 0      ; 0     ; 0      ; 0      ; 0       ; 0      ; 0       ; 0      ; 0       ; 0      ; 0       ; 0     ; 0      ; 0      ; 0       ; 1      ;
; S.INIT     ; 1      ; 0          ; 0          ; 0          ; 0     ; 0      ; 0     ; 0      ; 0      ; 0       ; 0      ; 0       ; 0      ; 0       ; 0      ; 0       ; 0     ; 0      ; 0      ; 0       ; 1      ;
+------------+--------+------------+------------+------------+-------+--------+-------+--------+--------+---------+--------+---------+--------+---------+--------+---------+-------+--------+--------+---------+--------+


Encoding Type:  One-Hot
+----------------------------------------------------------------------------------------------------------------------------+
; State Machine - |LightBoard|fade:fade5|S                                                                                   ;
+-------------+--------+------------+-------------+-----------+---------+------------+----------+--------+---------+---------+
; Name        ; S.DONE ; S.PACKWAIT ; S.WAITDPACK ; S.DPACKGO ; S.DPACK ; S.WAITDVAL ; S.DVALGO ; S.DVAL ; S.SHIFT ; S.START ;
+-------------+--------+------------+-------------+-----------+---------+------------+----------+--------+---------+---------+
; S.START     ; 0      ; 0          ; 0           ; 0         ; 0       ; 0          ; 0        ; 0      ; 0       ; 0       ;
; S.SHIFT     ; 0      ; 0          ; 0           ; 0         ; 0       ; 0          ; 0        ; 0      ; 1       ; 1       ;
; S.DVAL      ; 0      ; 0          ; 0           ; 0         ; 0       ; 0          ; 0        ; 1      ; 0       ; 1       ;
; S.DVALGO    ; 0      ; 0          ; 0           ; 0         ; 0       ; 0          ; 1        ; 0      ; 0       ; 1       ;
; S.WAITDVAL  ; 0      ; 0          ; 0           ; 0         ; 0       ; 1          ; 0        ; 0      ; 0       ; 1       ;
; S.DPACK     ; 0      ; 0          ; 0           ; 0         ; 1       ; 0          ; 0        ; 0      ; 0       ; 1       ;
; S.DPACKGO   ; 0      ; 0          ; 0           ; 1         ; 0       ; 0          ; 0        ; 0      ; 0       ; 1       ;
; S.WAITDPACK ; 0      ; 0          ; 1           ; 0         ; 0       ; 0          ; 0        ; 0      ; 0       ; 1       ;
; S.PACKWAIT  ; 0      ; 1          ; 0           ; 0         ; 0       ; 0          ; 0        ; 0      ; 0       ; 1       ;
; S.DONE      ; 1      ; 0          ; 0           ; 0         ; 0       ; 0          ; 0        ; 0      ; 0       ; 1       ;
+-------------+--------+------------+-------------+-----------+---------+------------+----------+--------+---------+---------+


Encoding Type:  One-Hot
+----------------------------------------------------------------------------------------------------------------------------+
; State Machine - |LightBoard|fade:fade4|S                                                                                   ;
+-------------+--------+------------+-------------+-----------+---------+------------+----------+--------+---------+---------+
; Name        ; S.DONE ; S.PACKWAIT ; S.WAITDPACK ; S.DPACKGO ; S.DPACK ; S.WAITDVAL ; S.DVALGO ; S.DVAL ; S.SHIFT ; S.START ;
+-------------+--------+------------+-------------+-----------+---------+------------+----------+--------+---------+---------+
; S.START     ; 0      ; 0          ; 0           ; 0         ; 0       ; 0          ; 0        ; 0      ; 0       ; 0       ;
; S.SHIFT     ; 0      ; 0          ; 0           ; 0         ; 0       ; 0          ; 0        ; 0      ; 1       ; 1       ;
; S.DVAL      ; 0      ; 0          ; 0           ; 0         ; 0       ; 0          ; 0        ; 1      ; 0       ; 1       ;
; S.DVALGO    ; 0      ; 0          ; 0           ; 0         ; 0       ; 0          ; 1        ; 0      ; 0       ; 1       ;
; S.WAITDVAL  ; 0      ; 0          ; 0           ; 0         ; 0       ; 1          ; 0        ; 0      ; 0       ; 1       ;
; S.DPACK     ; 0      ; 0          ; 0           ; 0         ; 1       ; 0          ; 0        ; 0      ; 0       ; 1       ;
; S.DPACKGO   ; 0      ; 0          ; 0           ; 1         ; 0       ; 0          ; 0        ; 0      ; 0       ; 1       ;
; S.WAITDPACK ; 0      ; 0          ; 1           ; 0         ; 0       ; 0          ; 0        ; 0      ; 0       ; 1       ;
; S.PACKWAIT  ; 0      ; 1          ; 0           ; 0         ; 0       ; 0          ; 0        ; 0      ; 0       ; 1       ;
; S.DONE      ; 1      ; 0          ; 0           ; 0         ; 0       ; 0          ; 0        ; 0      ; 0       ; 1       ;
+-------------+--------+------------+-------------+-----------+---------+------------+----------+--------+---------+---------+


Encoding Type:  One-Hot
+----------------------------------------------------------------------------------------------------------------------------+
; State Machine - |LightBoard|fade:fade3|S                                                                                   ;
+-------------+--------+------------+-------------+-----------+---------+------------+----------+--------+---------+---------+
; Name        ; S.DONE ; S.PACKWAIT ; S.WAITDPACK ; S.DPACKGO ; S.DPACK ; S.WAITDVAL ; S.DVALGO ; S.DVAL ; S.SHIFT ; S.START ;
+-------------+--------+------------+-------------+-----------+---------+------------+----------+--------+---------+---------+
; S.START     ; 0      ; 0          ; 0           ; 0         ; 0       ; 0          ; 0        ; 0      ; 0       ; 0       ;
; S.SHIFT     ; 0      ; 0          ; 0           ; 0         ; 0       ; 0          ; 0        ; 0      ; 1       ; 1       ;
; S.DVAL      ; 0      ; 0          ; 0           ; 0         ; 0       ; 0          ; 0        ; 1      ; 0       ; 1       ;
; S.DVALGO    ; 0      ; 0          ; 0           ; 0         ; 0       ; 0          ; 1        ; 0      ; 0       ; 1       ;
; S.WAITDVAL  ; 0      ; 0          ; 0           ; 0         ; 0       ; 1          ; 0        ; 0      ; 0       ; 1       ;
; S.DPACK     ; 0      ; 0          ; 0           ; 0         ; 1       ; 0          ; 0        ; 0      ; 0       ; 1       ;
; S.DPACKGO   ; 0      ; 0          ; 0           ; 1         ; 0       ; 0          ; 0        ; 0      ; 0       ; 1       ;
; S.WAITDPACK ; 0      ; 0          ; 1           ; 0         ; 0       ; 0          ; 0        ; 0      ; 0       ; 1       ;
; S.PACKWAIT  ; 0      ; 1          ; 0           ; 0         ; 0       ; 0          ; 0        ; 0      ; 0       ; 1       ;
; S.DONE      ; 1      ; 0          ; 0           ; 0         ; 0       ; 0          ; 0        ; 0      ; 0       ; 1       ;
+-------------+--------+------------+-------------+-----------+---------+------------+----------+--------+---------+---------+


Encoding Type:  One-Hot
+----------------------------------------------------------------------------------------------------------------------------+
; State Machine - |LightBoard|fade:fade2|S                                                                                   ;
+-------------+--------+------------+-------------+-----------+---------+------------+----------+--------+---------+---------+
; Name        ; S.DONE ; S.PACKWAIT ; S.WAITDPACK ; S.DPACKGO ; S.DPACK ; S.WAITDVAL ; S.DVALGO ; S.DVAL ; S.SHIFT ; S.START ;
+-------------+--------+------------+-------------+-----------+---------+------------+----------+--------+---------+---------+
; S.START     ; 0      ; 0          ; 0           ; 0         ; 0       ; 0          ; 0        ; 0      ; 0       ; 0       ;
; S.SHIFT     ; 0      ; 0          ; 0           ; 0         ; 0       ; 0          ; 0        ; 0      ; 1       ; 1       ;
; S.DVAL      ; 0      ; 0          ; 0           ; 0         ; 0       ; 0          ; 0        ; 1      ; 0       ; 1       ;
; S.DVALGO    ; 0      ; 0          ; 0           ; 0         ; 0       ; 0          ; 1        ; 0      ; 0       ; 1       ;
; S.WAITDVAL  ; 0      ; 0          ; 0           ; 0         ; 0       ; 1          ; 0        ; 0      ; 0       ; 1       ;
; S.DPACK     ; 0      ; 0          ; 0           ; 0         ; 1       ; 0          ; 0        ; 0      ; 0       ; 1       ;
; S.DPACKGO   ; 0      ; 0          ; 0           ; 1         ; 0       ; 0          ; 0        ; 0      ; 0       ; 1       ;
; S.WAITDPACK ; 0      ; 0          ; 1           ; 0         ; 0       ; 0          ; 0        ; 0      ; 0       ; 1       ;
; S.PACKWAIT  ; 0      ; 1          ; 0           ; 0         ; 0       ; 0          ; 0        ; 0      ; 0       ; 1       ;
; S.DONE      ; 1      ; 0          ; 0           ; 0         ; 0       ; 0          ; 0        ; 0      ; 0       ; 1       ;
+-------------+--------+------------+-------------+-----------+---------+------------+----------+--------+---------+---------+


Encoding Type:  One-Hot
+----------------------------------------------------------------------------------------------------------------------------+
; State Machine - |LightBoard|fade:fade1|S                                                                                   ;
+-------------+--------+------------+-------------+-----------+---------+------------+----------+--------+---------+---------+
; Name        ; S.DONE ; S.PACKWAIT ; S.WAITDPACK ; S.DPACKGO ; S.DPACK ; S.WAITDVAL ; S.DVALGO ; S.DVAL ; S.SHIFT ; S.START ;
+-------------+--------+------------+-------------+-----------+---------+------------+----------+--------+---------+---------+
; S.START     ; 0      ; 0          ; 0           ; 0         ; 0       ; 0          ; 0        ; 0      ; 0       ; 0       ;
; S.SHIFT     ; 0      ; 0          ; 0           ; 0         ; 0       ; 0          ; 0        ; 0      ; 1       ; 1       ;
; S.DVAL      ; 0      ; 0          ; 0           ; 0         ; 0       ; 0          ; 0        ; 1      ; 0       ; 1       ;
; S.DVALGO    ; 0      ; 0          ; 0           ; 0         ; 0       ; 0          ; 1        ; 0      ; 0       ; 1       ;
; S.WAITDVAL  ; 0      ; 0          ; 0           ; 0         ; 0       ; 1          ; 0        ; 0      ; 0       ; 1       ;
; S.DPACK     ; 0      ; 0          ; 0           ; 0         ; 1       ; 0          ; 0        ; 0      ; 0       ; 1       ;
; S.DPACKGO   ; 0      ; 0          ; 0           ; 1         ; 0       ; 0          ; 0        ; 0      ; 0       ; 1       ;
; S.WAITDPACK ; 0      ; 0          ; 1           ; 0         ; 0       ; 0          ; 0        ; 0      ; 0       ; 1       ;
; S.PACKWAIT  ; 0      ; 1          ; 0           ; 0         ; 0       ; 0          ; 0        ; 0      ; 0       ; 1       ;
; S.DONE      ; 1      ; 0          ; 0           ; 0         ; 0       ; 0          ; 0        ; 0      ; 0       ; 1       ;
+-------------+--------+------------+-------------+-----------+---------+------------+----------+--------+---------+---------+


Encoding Type:  One-Hot
+---------------------------------------------------------------------------+
; State Machine - |LightBoard|packet:sendpacket|S                           ;
+---------+---------+--------+--------+--------+--------+---------+---------+
; Name    ; S.RESET ; S.WAIT ; S.NEXT ; S.DATA ; S.MARK ; S.START ; S.BREAK ;
+---------+---------+--------+--------+--------+--------+---------+---------+
; S.BREAK ; 0       ; 0      ; 0      ; 0      ; 0      ; 0       ; 0       ;
; S.START ; 0       ; 0      ; 0      ; 0      ; 0      ; 1       ; 1       ;
; S.MARK  ; 0       ; 0      ; 0      ; 0      ; 1      ; 0       ; 1       ;
; S.DATA  ; 0       ; 0      ; 0      ; 1      ; 0      ; 0       ; 1       ;
; S.NEXT  ; 0       ; 0      ; 1      ; 0      ; 0      ; 0       ; 1       ;
; S.WAIT  ; 0       ; 1      ; 0      ; 0      ; 0      ; 0       ; 1       ;
; S.RESET ; 1       ; 0      ; 0      ; 0      ; 0      ; 0       ; 1       ;
+---------+---------+--------+--------+--------+--------+---------+---------+


+------------------------------------------------------------------------------------------------------------------------------------------------------------------------------------------------------------------------------------------------------------------------------------------------------------------------------------------------------------------------------------------------------------------------------------------------------------------------------------------------------------------------------------------------------------------------------------------------------------------------------------------------------------------------------------------------------------------------------------------------------------------------------------------------------------------------------------------------------------------------------------------------------------------------------------------------------------------------------------------------------------------------------------------------------------------------------------------------------------------------------------------------------------------------------------------------------------------------------------------------------------------------------------------------------------------------------------------------------------------------------------------------------------------------------------------------------------------------------------------------------------------------------------------------------------------------------------------------------------------------------------------------------------------------------------------------------------------------------------------------------------------------------------------------------------------------------------------------------------------------------------------------------------------------------------------------------------------------------------------------------------------------------------------------------------------------------------------------------------------------------------------------------------------------------------------------------------------------------------------------------------------------------------------------------------------------------------------------------------------------------------------------------------------------------------------------------------------------------------------------------------------------------------------------------------------------------------------------------------------------------------------------------------------------------------------------------------------------------------------------------------------------------------------------------------------------------------------------------------------------------------------------------------------------------------------------------------------------------------------------------------------------------------------------------------------------------------------------------------------------------------------------------------------------------------------------------------------------------------------------------------------------------------------------------------------------------------------------------------------------------------------------------------------------------------------------------------------------------------------------------------------------------------------------------------------------------------------------------------------------------------------------------------------------------------------------------------------------------------------------------------------------------------------------------------------------------------------------------------------------------------------------------------------------------------------------------------------------------------------------------------------------------------------------------------------------------------------------------------------------------------------------------------------------------------------------------------------------------------------------------------------------------------------------------------------------------------------------------------------------------------------------------------------------------------------------------------------------------+
; Registers Removed During Synthesis                                                                                                                                                                                                                                                                                                                                                                                                                                                                                                                                                                                                                                                                                                                                                                                                                                                                                                                                                                                                                                                                                                                                                                                                                                                                                                                                                                                                                                                                                                                                                                                                                                                                                                                                                                                                                                                                                                                                                                                                                                                                                                                                                                                                                                                                                                                                                                                                                                                                                                                                                                                                                                                                                                                                                                                                                                                                                                                                                                                                                                                                                                                                                                                                                                                                                                                                                                                                                                                                                                                                                                                                                                                                                                                                                                                                                                                                                                                                                                                                                                                                                                                                                                                                                                                                                                                                                                                                                                           ;
+-------------------------------------------------------------------------------------------------------------------------------------------------------------------------------------------------------------------------------------------------------------------------------------------------------------------------------------------------------------------------------------------------------------------------------------------------------------------------------------------------------------------------------------------------------------------------------------------------------------------------------------------------------------------------------------------------------------------------------------------------------------------------------------------------------------------------------------------------------------------------------------------------------------------------------------------------------------------------------------------------------------------------------------------------------------------------------------------------------------------------------------------------------------------------------------------------------------------------------------------------------------------------------------------------------------------------------------------------------------------------------------------------------------------------------------------------------------------------------------------------------------------------------------------------------------------------------------------------------------------------------------------------------------------------------------------------------------------------------------------------------------------------------------------------------------------------------------------------------------------------------------------------------------------------------------------------------------------------------------------------------------------------------------------------------------------------------------------------------------------------------------------------------------------------------------------------------------------------------------------------------------------------------------------------------------------------------------------------------------------------------------------------------------------------------------------------------------------------------------------------------------------------------------------------------------------------------------------------------------------------------------------------------------------------------------------------------------------------------------------------------------------------------------------------------------------------------------------------------------------------------------------------------------------------------------------------------------------------------------------------------------------------------------------------------------------------------------------------------------------------------------------------------------------------------------------------------------------------------------------------------------------------------------------------------------------------------------------------------------------------------------------------------------------------------------------------------------------------------------------------------------------------------------------------------------------------------------------------------------------------------------------------------------------------------------------------------------------------------------------------------------------------------------------------------------------------------------------------------------------------------------------------------------------------------------------------------------------------------------------------------------------------------------------------------------------------------------------------------------------------------------------------------------------------------------------------------------------------------------------------------------------------------------------------------------------------------------------------------------------------------------------------------------------------------------+----------------------------------------+
; Register name                                                                                                                                                                                                                                                                                                                                                                                                                                                                                                                                                                                                                                                                                                                                                                                                                                                                                                                                                                                                                                                                                                                                                                                                                                                                                                                                                                                                                                                                                                                                                                                                                                                                                                                                                                                                                                                                                                                                                                                                                                                                                                                                                                                                                                                                                                                                                                                                                                                                                                                                                                                                                                                                                                                                                                                                                                                                                                                                                                                                                                                                                                                                                                                                                                                                                                                                                                                                                                                                                                                                                                                                                                                                                                                                                                                                                                                                                                                                                                                                                                                                                                                                                                                                                                                                                                                                                                                                                       ; Reason for Removal                     ;
+-------------------------------------------------------------------------------------------------------------------------------------------------------------------------------------------------------------------------------------------------------------------------------------------------------------------------------------------------------------------------------------------------------------------------------------------------------------------------------------------------------------------------------------------------------------------------------------------------------------------------------------------------------------------------------------------------------------------------------------------------------------------------------------------------------------------------------------------------------------------------------------------------------------------------------------------------------------------------------------------------------------------------------------------------------------------------------------------------------------------------------------------------------------------------------------------------------------------------------------------------------------------------------------------------------------------------------------------------------------------------------------------------------------------------------------------------------------------------------------------------------------------------------------------------------------------------------------------------------------------------------------------------------------------------------------------------------------------------------------------------------------------------------------------------------------------------------------------------------------------------------------------------------------------------------------------------------------------------------------------------------------------------------------------------------------------------------------------------------------------------------------------------------------------------------------------------------------------------------------------------------------------------------------------------------------------------------------------------------------------------------------------------------------------------------------------------------------------------------------------------------------------------------------------------------------------------------------------------------------------------------------------------------------------------------------------------------------------------------------------------------------------------------------------------------------------------------------------------------------------------------------------------------------------------------------------------------------------------------------------------------------------------------------------------------------------------------------------------------------------------------------------------------------------------------------------------------------------------------------------------------------------------------------------------------------------------------------------------------------------------------------------------------------------------------------------------------------------------------------------------------------------------------------------------------------------------------------------------------------------------------------------------------------------------------------------------------------------------------------------------------------------------------------------------------------------------------------------------------------------------------------------------------------------------------------------------------------------------------------------------------------------------------------------------------------------------------------------------------------------------------------------------------------------------------------------------------------------------------------------------------------------------------------------------------------------------------------------------------------------------------------------------------------------------------------+----------------------------------------+
; data[1..8,11,22,33,44,55,66..74,77..85,88..96,99..107,110..118,121..129,132..140,143..151,154..162,165..173,176..184,187..195,198..206,209..217,220..228,231..239,242..250,253..261,264..272,275..283,286..294,297..305,308..316,319..327,330..338,341..349,352..360,363..371,374..382,385..393,396..404,407..415,418..426,429..437,440..448,451..459,462..470,473..481,484..492,495..503,506..514,517..525,528..536,539..547,550..558,561..569,572..580,583..591,594..602,605..613,616..624,627..635,638..646,649..657,660..668,671..679,682..690,693..701,704..712,715..723,726..734,737..745,748..756,759..767,770..778,781..789,792..800,803..811,814..822,825..833,836..844,847..855,858..866,869..877,880..888,891..899,902..910,913..921,924..932,935..943,946..954,957..965,968..976,979..987,990..998,1001..1009,1012..1020,1023..1031,1034..1042,1045..1053,1056..1064,1067..1075,1078..1086,1089..1097,1100..1108,1111..1119,1122..1130,1133..1141,1144..1152,1155..1163,1166..1174,1177..1185,1188..1196,1199..1207,1210..1218,1221..1229,1232..1240,1243..1251,1254..1262,1265..1273,1276..1284,1287..1295,1298..1306,1309..1317,1320..1328,1331..1339,1342..1350,1353..1361,1364..1372,1375..1383,1386..1394,1397..1405,1408..1416,1419..1427,1430..1438,1441..1449,1452..1460,1463..1471,1474..1482,1485..1493,1496..1504,1507..1515,1518..1526,1529..1537,1540..1548,1551..1559,1562..1570,1573..1581,1584..1592,1595..1603,1606..1614,1617..1625,1628..1636,1639..1647,1650..1658,1661..1669,1672..1680,1683..1691,1694..1702,1705..1713,1716..1724,1727..1735,1738..1746,1749..1757,1760..1768,1771..1779,1782..1790,1793..1801,1804..1812,1815..1823,1826..1834,1837..1845,1848..1856,1859..1867,1870..1878,1881..1889,1892..1900,1903..1911,1914..1922,1925..1933,1936..1944,1947..1955,1958..1966,1969..1977,1980..1988,1991..1999,2002..2010,2013..2021,2024..2032,2035..2043,2046..2054,2057..2065,2068..2076,2079..2087,2090..2098,2101..2109,2112..2120,2123..2131,2134..2142,2145..2153,2156..2164,2167..2175,2178..2186,2189..2197,2200..2208,2211..2219,2222..2230,2233..2241,2244..2252,2255..2263,2266..2274,2277..2285,2288..2296,2299..2307,2310..2318,2321..2329,2332..2340,2343..2351,2354..2362,2365..2373,2376..2384,2387..2395,2398..2406,2409..2417,2420..2428,2431..2439,2442..2450,2453..2461,2464..2472,2475..2483,2486..2494,2497..2505,2508..2516,2519..2527,2530..2538,2541..2549,2552..2560,2563..2571,2574..2582,2585..2593,2596..2604,2607..2615,2618..2626,2629..2637,2640..2648,2651..2659,2662..2670,2673..2681,2684..2692,2695..2703,2706..2714,2717..2725,2728..2736,2739..2747,2750..2758,2761..2769,2772..2780,2783..2791,2794..2802,2805..2813,2816..2824,2827..2835,2838..2846,2849..2857,2860..2868,2871..2879,2882..2890,2893..2901,2904..2912,2915..2923,2926..2934,2937..2945,2948..2956,2959..2967,2970..2978,2981..2989,2992..3000,3003..3011,3014..3022,3025..3033,3036..3044,3047..3055,3058..3066,3069..3077,3080..3088,3091..3099,3102..3110,3113..3121,3124..3132,3135..3143,3146..3154,3157..3165,3168..3176,3179..3187,3190..3198,3201..3209,3212..3220,3223..3231,3234..3242,3245..3253,3256..3264,3267..3275,3278..3286,3289..3297,3300..3308,3311..3319,3322..3330,3333..3341,3344..3352,3355..3363,3366..3374,3377..3385,3388..3396,3399..3407,3410..3418,3421..3429,3432..3440,3443..3451,3454..3462,3465..3473,3476..3484,3487..3495,3498..3506,3509..3517,3520..3528,3531..3539,3542..3550,3553..3561,3564..3572,3575..3583,3586..3594,3597..3605,3608..3616,3619..3627,3630..3638,3641..3649,3652..3660,3663..3671,3674..3682,3685..3693,3696..3704,3707..3715,3718..3726,3729..3737,3740..3748,3751..3759,3762..3770,3773..3781,3784..3792,3795..3803,3806..3814,3817..3825,3828..3836,3839..3847,3850..3858,3861..3869,3872..3880,3883..3891,3894..3902,3905..3913,3916..3924,3927..3935,3938..3946,3949..3957,3960..3968,3971..3979,3982..3990,3993..4001,4004..4012,4015..4023,4026..4034,4037..4045,4048..4056,4059..4067,4070..4078,4081..4089,4092..4100,4103..4111,4114..4122,4125..4133,4136..4144,4147..4155,4158..4166,4169..4177,4180..4188,4191..4199,4202..4210,4213..4221,4224..4232,4235..4243,4246..4254,4257..4265,4268..4276,4279..4287,4290..4298,4301..4309,4312..4320,4323..4331,4334..4342,4345..4353,4356..4364,4367..4375,4378..4386,4389..4397,4400..4408,4411..4419,4422..4430,4433..4441,4444..4452,4455..4463,4466..5642] ; Merged with data[0]                    ;
; data[9,10,20,21,31,32,42,43,53,54,64,65,75,76,86,87,97,98,108,109,119,120,130,131,141,142,152,153,163,164,174,175,185,186,196,197,207,208,218,219,229,230,240,241,251,252,262,263,273,274,284,285,295,296,306,307,317,318,328,329,339,340,350,351,361,362,372,373,383,384,394,395,405,406,416,417,427,428,438,439,449,450,460,461,471,472,482,483,493,494,504,505,515,516,526,527,537,538,548,549,559,560,570,571,581,582,592,593,603,604,614,615,625,626,636,637,647,648,658,659,669,670,680,681,691,692,702,703,713,714,724,725,735,736,746,747,757,758,768,769,779,780,790,791,801,802,812,813,823,824,834,835,845,846,856,857,867,868,878,879,889,890,900,901,911,912,922,923,933,934,944,945,955,956,966,967,977,978,988,989,999,1010,1011,1021,1022,1032,1033,1043,1044,1054,1055,1065,1066,1076,1077,1087,1088,1098,1099,1109,1110,1120,1121,1131,1132,1142,1143,1153,1154,1164,1165,1175,1176,1186,1187,1197,1198,1208,1209,1219,1220,1230,1231,1241,1242,1252,1253,1263,1264,1274,1275,1285,1286,1296,1297,1307,1308,1318,1319,1329,1330,1340,1341,1351,1352,1362,1363,1373,1374,1384,1385,1395,1396,1406,1407,1417,1418,1428,1429,1439,1440,1450,1451,1461,1462,1472,1473,1483,1484,1494,1495,1505,1506,1516,1517,1527,1528,1538,1539,1549,1550,1560,1561,1571,1572,1582,1583,1593,1594,1604,1605,1615,1616,1626,1627,1637,1638,1648,1649,1659,1660,1670,1671,1681,1682,1692,1693,1703,1704,1714,1715,1725,1726,1736,1737,1747,1748,1758,1759,1769,1770,1780,1781,1791,1792,1802,1803,1813,1814,1824,1825,1835,1836,1846,1847,1857,1858,1868,1869,1879,1880,1890,1891,1901,1902,1912,1913,1923,1924,1934,1935,1945,1946,1956,1957,1967,1968,1978,1979,1989,1990,2000,2001,2011,2012,2022,2023,2033,2034,2044,2045,2055,2056,2066,2067,2077,2078,2088,2089,2099,2100,2110,2111,2121,2122,2132,2133,2143,2144,2154,2155,2165,2166,2176,2177,2187,2188,2198,2199,2209,2210,2220,2221,2231,2232,2242,2243,2253,2254,2264,2265,2275,2276,2286,2287,2297,2298,2308,2309,2319,2320,2330,2331,2341,2342,2352,2353,2363,2364,2374,2375,2385,2386,2396,2397,2407,2408,2418,2419,2429,2430,2440,2441,2451,2452,2462,2463,2473,2474,2484,2485,2495,2496,2506,2507,2517,2518,2528,2529,2539,2540,2550,2551,2561,2562,2572,2573,2583,2584,2594,2595,2605,2606,2616,2617,2627,2628,2638,2639,2649,2650,2660,2661,2671,2672,2682,2683,2693,2694,2704,2705,2715,2716,2726,2727,2737,2738,2748,2749,2759,2760,2770,2771,2781,2782,2792,2793,2803,2804,2814,2815,2825,2826,2836,2837,2847,2848,2858,2859,2869,2870,2880,2881,2891,2892,2902,2903,2913,2914,2924,2925,2935,2936,2946,2947,2957,2958,2968,2969,2979,2980,2990,2991,3001,3002,3012,3013,3023,3024,3034,3035,3045,3046,3056,3057,3067,3068,3078,3079,3089,3090,3100,3101,3111,3112,3122,3123,3133,3134,3144,3145,3155,3156,3166,3167,3177,3178,3188,3189,3199,3200,3210,3211,3221,3222,3232,3233,3243,3244,3254,3255,3265,3266,3276,3277,3287,3288,3298,3299,3309,3310,3320,3321,3331,3332,3342,3343,3353,3354,3364,3365,3375,3376,3386,3387,3397,3398,3408,3409,3419,3420,3430,3431,3441,3442,3452,3453,3463,3464,3474,3475,3485,3486,3496,3497,3507,3508,3518,3519,3529,3530,3540,3541,3551,3552,3562,3563,3573,3574,3584,3585,3595,3596,3606,3607,3617,3618,3628,3629,3639,3640,3650,3651,3661,3662,3672,3673,3683,3684,3694,3695,3705,3706,3716,3717,3727,3728,3738,3739,3749,3750,3760,3761,3771,3772,3782,3783,3793,3794,3804,3805,3815,3816,3826,3827,3837,3838,3848,3849,3859,3860,3870,3871,3881,3882,3892,3893,3903,3904,3914,3915,3925,3926,3936,3937,3947,3948,3958,3959,3969,3970,3980,3981,3991,3992,4002,4003,4013,4014,4024,4025,4035,4036,4046,4047,4057,4058,4068,4069,4079,4080,4090,4091,4101,4102,4112,4113,4123,4124,4134,4135,4145,4146,4156,4157,4167,4168,4178,4179,4189,4190,4200,4201,4211,4212,4222,4223,4233,4234,4244,4245,4255,4256,4266,4267,4277,4278,4288,4289,4299,4300,4310,4311,4321,4322,4332,4333,4343,4344,4354,4355,4365,4366,4376,4377,4387,4388,4398,4399,4409,4410,4420,4421,4431,4432,4442,4443,4453,4454,4464,4465]                                                                                                                                                                                                                                                                                                                                                                                                                ; Merged with data[1000]                 ;
; q0[1..8,11,22,33,44,55,66..74,77..85,88..96,99..107,110..118,121..129,132..140,143..151,154..162,165..173,176..184,187..195,198..206,209..217,220..228,231..239,242..250,253..261,264..272,275..283,286..294,297..305,308..316,319..327,330..338,341..349,352..360,363..371,374..382,385..393,396..404,407..415,418..426,429..437,440..448,451..459,462..470,473..481,484..492,495..503,506..514,517..525,528..536,539..547,550..558,561..569,572..580,583..591,594..602,605..613,616..624,627..635,638..646,649..657,660..668,671..679,682..690,693..701,704..712,715..723,726..734,737..745,748..756,759..767,770..778,781..789,792..800,803..811,814..822,825..833,836..844,847..855,858..866,869..877,880..888,891..899,902..910,913..921,924..932,935..943,946..954,957..965,968..976,979..987,990..998,1001..1009,1012..1020,1023..1031,1034..1042,1045..1053,1056..1064,1067..1075,1078..1086,1089..1097,1100..1108,1111..1119,1122..1130,1133..1141,1144..1152,1155..1163,1166..1174,1177..1185,1188..1196,1199..1207,1210..1218,1221..1229,1232..1240,1243..1251,1254..1262,1265..1273,1276..1284,1287..1295,1298..1306,1309..1317,1320..1328,1331..1339,1342..1350,1353..1361,1364..1372,1375..1383,1386..1394,1397..1405,1408..1416,1419..1427,1430..1438,1441..1449,1452..1460,1463..1471,1474..1482,1485..1493,1496..1504,1507..1515,1518..1526,1529..1537,1540..1548,1551..1559,1562..1570,1573..1581,1584..1592,1595..1603,1606..1614,1617..1625,1628..1636,1639..1647,1650..1658,1661..1669,1672..1680,1683..1691,1694..1702,1705..1713,1716..1724,1727..1735,1738..1746,1749..1757,1760..1768,1771..1779,1782..1790,1793..1801,1804..1812,1815..1823,1826..1834,1837..1845,1848..1856,1859..1867,1870..1878,1881..1889,1892..1900,1903..1911,1914..1922,1925..1933,1936..1944,1947..1955,1958..1966,1969..1977,1980..1988,1991..1999,2002..2010,2013..2021,2024..2032,2035..2043,2046..2054,2057..2065,2068..2076,2079..2087,2090..2098,2101..2109,2112..2120,2123..2131,2134..2142,2145..2153,2156..2164,2167..2175,2178..2186,2189..2197,2200..2208,2211..2219,2222..2230,2233..2241,2244..2252,2255..2263,2266..2274,2277..2285,2288..2296,2299..2307,2310..2318,2321..2329,2332..2340,2343..2351,2354..2362,2365..2373,2376..2384,2387..2395,2398..2406,2409..2417,2420..2428,2431..2439,2442..2450,2453..2461,2464..2472,2475..2483,2486..2494,2497..2505,2508..2516,2519..2527,2530..2538,2541..2549,2552..2560,2563..2571,2574..2582,2585..2593,2596..2604,2607..2615,2618..2626,2629..2637,2640..2648,2651..2659,2662..2670,2673..2681,2684..2692,2695..2703,2706..2714,2717..2725,2728..2736,2739..2747,2750..2758,2761..2769,2772..2780,2783..2791,2794..2802,2805..2813,2816..2824,2827..2835,2838..2846,2849..2857,2860..2868,2871..2879,2882..2890,2893..2901,2904..2912,2915..2923,2926..2934,2937..2945,2948..2956,2959..2967,2970..2978,2981..2989,2992..3000,3003..3011,3014..3022,3025..3033,3036..3044,3047..3055,3058..3066,3069..3077,3080..3088,3091..3099,3102..3110,3113..3121,3124..3132,3135..3143,3146..3154,3157..3165,3168..3176,3179..3187,3190..3198,3201..3209,3212..3220,3223..3231,3234..3242,3245..3253,3256..3264,3267..3275,3278..3286,3289..3297,3300..3308,3311..3319,3322..3330,3333..3341,3344..3352,3355..3363,3366..3374,3377..3385,3388..3396,3399..3407,3410..3418,3421..3429,3432..3440,3443..3451,3454..3462,3465..3473,3476..3484,3487..3495,3498..3506,3509..3517,3520..3528,3531..3539,3542..3550,3553..3561,3564..3572,3575..3583,3586..3594,3597..3605,3608..3616,3619..3627,3630..3638,3641..3649,3652..3660,3663..3671,3674..3682,3685..3693,3696..3704,3707..3715,3718..3726,3729..3737,3740..3748,3751..3759,3762..3770,3773..3781,3784..3792,3795..3803,3806..3814,3817..3825,3828..3836,3839..3847,3850..3858,3861..3869,3872..3880,3883..3891,3894..3902,3905..3913,3916..3924,3927..3935,3938..3946,3949..3957,3960..3968,3971..3979,3982..3990,3993..4001,4004..4012,4015..4023,4026..4034,4037..4045,4048..4056,4059..4067,4070..4078,4081..4089,4092..4100,4103..4111,4114..4122,4125..4133,4136..4144,4147..4155,4158..4166,4169..4177,4180..4188,4191..4199,4202..4210,4213..4221,4224..4232,4235..4243,4246..4254,4257..4265,4268..4276,4279..4287,4290..4298,4301..4309,4312..4320,4323..4331,4334..4342,4345..4353,4356..4364,4367..4375,4378..4386,4389..4397,4400..4408,4411..4419,4422..4430,4433..4441,4444..4452,4455..4463,4466..5642]   ; Merged with q0[0]                      ;
; q1[1..8,11,22,33,44,55,66..74,77..85,88..96,99..107,110..118,121..129,132..140,143..151,154..162,165..173,176..184,187..195,198..206,209..217,220..228,231..239,242..250,253..261,264..272,275..283,286..294,297..305,308..316,319..327,330..338,341..349,352..360,363..371,374..382,385..393,396..404,407..415,418..426,429..437,440..448,451..459,462..470,473..481,484..492,495..503,506..514,517..525,528..536,539..547,550..558,561..569,572..580,583..591,594..602,605..613,616..624,627..635,638..646,649..657,660..668,671..679,682..690,693..701,704..712,715..723,726..734,737..745,748..756,759..767,770..778,781..789,792..800,803..811,814..822,825..833,836..844,847..855,858..866,869..877,880..888,891..899,902..910,913..921,924..932,935..943,946..954,957..965,968..976,979..987,990..998,1001..1009,1012..1020,1023..1031,1034..1042,1045..1053,1056..1064,1067..1075,1078..1086,1089..1097,1100..1108,1111..1119,1122..1130,1133..1141,1144..1152,1155..1163,1166..1174,1177..1185,1188..1196,1199..1207,1210..1218,1221..1229,1232..1240,1243..1251,1254..1262,1265..1273,1276..1284,1287..1295,1298..1306,1309..1317,1320..1328,1331..1339,1342..1350,1353..1361,1364..1372,1375..1383,1386..1394,1397..1405,1408..1416,1419..1427,1430..1438,1441..1449,1452..1460,1463..1471,1474..1482,1485..1493,1496..1504,1507..1515,1518..1526,1529..1537,1540..1548,1551..1559,1562..1570,1573..1581,1584..1592,1595..1603,1606..1614,1617..1625,1628..1636,1639..1647,1650..1658,1661..1669,1672..1680,1683..1691,1694..1702,1705..1713,1716..1724,1727..1735,1738..1746,1749..1757,1760..1768,1771..1779,1782..1790,1793..1801,1804..1812,1815..1823,1826..1834,1837..1845,1848..1856,1859..1867,1870..1878,1881..1889,1892..1900,1903..1911,1914..1922,1925..1933,1936..1944,1947..1955,1958..1966,1969..1977,1980..1988,1991..1999,2002..2010,2013..2021,2024..2032,2035..2043,2046..2054,2057..2065,2068..2076,2079..2087,2090..2098,2101..2109,2112..2120,2123..2131,2134..2142,2145..2153,2156..2164,2167..2175,2178..2186,2189..2197,2200..2208,2211..2219,2222..2230,2233..2241,2244..2252,2255..2263,2266..2274,2277..2285,2288..2296,2299..2307,2310..2318,2321..2329,2332..2340,2343..2351,2354..2362,2365..2373,2376..2384,2387..2395,2398..2406,2409..2417,2420..2428,2431..2439,2442..2450,2453..2461,2464..2472,2475..2483,2486..2494,2497..2505,2508..2516,2519..2527,2530..2538,2541..2549,2552..2560,2563..2571,2574..2582,2585..2593,2596..2604,2607..2615,2618..2626,2629..2637,2640..2648,2651..2659,2662..2670,2673..2681,2684..2692,2695..2703,2706..2714,2717..2725,2728..2736,2739..2747,2750..2758,2761..2769,2772..2780,2783..2791,2794..2802,2805..2813,2816..2824,2827..2835,2838..2846,2849..2857,2860..2868,2871..2879,2882..2890,2893..2901,2904..2912,2915..2923,2926..2934,2937..2945,2948..2956,2959..2967,2970..2978,2981..2989,2992..3000,3003..3011,3014..3022,3025..3033,3036..3044,3047..3055,3058..3066,3069..3077,3080..3088,3091..3099,3102..3110,3113..3121,3124..3132,3135..3143,3146..3154,3157..3165,3168..3176,3179..3187,3190..3198,3201..3209,3212..3220,3223..3231,3234..3242,3245..3253,3256..3264,3267..3275,3278..3286,3289..3297,3300..3308,3311..3319,3322..3330,3333..3341,3344..3352,3355..3363,3366..3374,3377..3385,3388..3396,3399..3407,3410..3418,3421..3429,3432..3440,3443..3451,3454..3462,3465..3473,3476..3484,3487..3495,3498..3506,3509..3517,3520..3528,3531..3539,3542..3550,3553..3561,3564..3572,3575..3583,3586..3594,3597..3605,3608..3616,3619..3627,3630..3638,3641..3649,3652..3660,3663..3671,3674..3682,3685..3693,3696..3704,3707..3715,3718..3726,3729..3737,3740..3748,3751..3759,3762..3770,3773..3781,3784..3792,3795..3803,3806..3814,3817..3825,3828..3836,3839..3847,3850..3858,3861..3869,3872..3880,3883..3891,3894..3902,3905..3913,3916..3924,3927..3935,3938..3946,3949..3957,3960..3968,3971..3979,3982..3990,3993..4001,4004..4012,4015..4023,4026..4034,4037..4045,4048..4056,4059..4067,4070..4078,4081..4089,4092..4100,4103..4111,4114..4122,4125..4133,4136..4144,4147..4155,4158..4166,4169..4177,4180..4188,4191..4199,4202..4210,4213..4221,4224..4232,4235..4243,4246..4254,4257..4265,4268..4276,4279..4287,4290..4298,4301..4309,4312..4320,4323..4331,4334..4342,4345..4353,4356..4364,4367..4375,4378..4386,4389..4397,4400..4408,4411..4419,4422..4430,4433..4441,4444..4452,4455..4463,4466..5642]   ; Merged with q1[0]                      ;
; q2[1..8,11,22,33,44,55,66..74,77..85,88..96,99..107,110..118,121..129,132..140,143..151,154..162,165..173,176..184,187..195,198..206,209..217,220..228,231..239,242..250,253..261,264..272,275..283,286..294,297..305,308..316,319..327,330..338,341..349,352..360,363..371,374..382,385..393,396..404,407..415,418..426,429..437,440..448,451..459,462..470,473..481,484..492,495..503,506..514,517..525,528..536,539..547,550..558,561..569,572..580,583..591,594..602,605..613,616..624,627..635,638..646,649..657,660..668,671..679,682..690,693..701,704..712,715..723,726..734,737..745,748..756,759..767,770..778,781..789,792..800,803..811,814..822,825..833,836..844,847..855,858..866,869..877,880..888,891..899,902..910,913..921,924..932,935..943,946..954,957..965,968..976,979..987,990..998,1001..1009,1012..1020,1023..1031,1034..1042,1045..1053,1056..1064,1067..1075,1078..1086,1089..1097,1100..1108,1111..1119,1122..1130,1133..1141,1144..1152,1155..1163,1166..1174,1177..1185,1188..1196,1199..1207,1210..1218,1221..1229,1232..1240,1243..1251,1254..1262,1265..1273,1276..1284,1287..1295,1298..1306,1309..1317,1320..1328,1331..1339,1342..1350,1353..1361,1364..1372,1375..1383,1386..1394,1397..1405,1408..1416,1419..1427,1430..1438,1441..1449,1452..1460,1463..1471,1474..1482,1485..1493,1496..1504,1507..1515,1518..1526,1529..1537,1540..1548,1551..1559,1562..1570,1573..1581,1584..1592,1595..1603,1606..1614,1617..1625,1628..1636,1639..1647,1650..1658,1661..1669,1672..1680,1683..1691,1694..1702,1705..1713,1716..1724,1727..1735,1738..1746,1749..1757,1760..1768,1771..1779,1782..1790,1793..1801,1804..1812,1815..1823,1826..1834,1837..1845,1848..1856,1859..1867,1870..1878,1881..1889,1892..1900,1903..1911,1914..1922,1925..1933,1936..1944,1947..1955,1958..1966,1969..1977,1980..1988,1991..1999,2002..2010,2013..2021,2024..2032,2035..2043,2046..2054,2057..2065,2068..2076,2079..2087,2090..2098,2101..2109,2112..2120,2123..2131,2134..2142,2145..2153,2156..2164,2167..2175,2178..2186,2189..2197,2200..2208,2211..2219,2222..2230,2233..2241,2244..2252,2255..2263,2266..2274,2277..2285,2288..2296,2299..2307,2310..2318,2321..2329,2332..2340,2343..2351,2354..2362,2365..2373,2376..2384,2387..2395,2398..2406,2409..2417,2420..2428,2431..2439,2442..2450,2453..2461,2464..2472,2475..2483,2486..2494,2497..2505,2508..2516,2519..2527,2530..2538,2541..2549,2552..2560,2563..2571,2574..2582,2585..2593,2596..2604,2607..2615,2618..2626,2629..2637,2640..2648,2651..2659,2662..2670,2673..2681,2684..2692,2695..2703,2706..2714,2717..2725,2728..2736,2739..2747,2750..2758,2761..2769,2772..2780,2783..2791,2794..2802,2805..2813,2816..2824,2827..2835,2838..2846,2849..2857,2860..2868,2871..2879,2882..2890,2893..2901,2904..2912,2915..2923,2926..2934,2937..2945,2948..2956,2959..2967,2970..2978,2981..2989,2992..3000,3003..3011,3014..3022,3025..3033,3036..3044,3047..3055,3058..3066,3069..3077,3080..3088,3091..3099,3102..3110,3113..3121,3124..3132,3135..3143,3146..3154,3157..3165,3168..3176,3179..3187,3190..3198,3201..3209,3212..3220,3223..3231,3234..3242,3245..3253,3256..3264,3267..3275,3278..3286,3289..3297,3300..3308,3311..3319,3322..3330,3333..3341,3344..3352,3355..3363,3366..3374,3377..3385,3388..3396,3399..3407,3410..3418,3421..3429,3432..3440,3443..3451,3454..3462,3465..3473,3476..3484,3487..3495,3498..3506,3509..3517,3520..3528,3531..3539,3542..3550,3553..3561,3564..3572,3575..3583,3586..3594,3597..3605,3608..3616,3619..3627,3630..3638,3641..3649,3652..3660,3663..3671,3674..3682,3685..3693,3696..3704,3707..3715,3718..3726,3729..3737,3740..3748,3751..3759,3762..3770,3773..3781,3784..3792,3795..3803,3806..3814,3817..3825,3828..3836,3839..3847,3850..3858,3861..3869,3872..3880,3883..3891,3894..3902,3905..3913,3916..3924,3927..3935,3938..3946,3949..3957,3960..3968,3971..3979,3982..3990,3993..4001,4004..4012,4015..4023,4026..4034,4037..4045,4048..4056,4059..4067,4070..4078,4081..4089,4092..4100,4103..4111,4114..4122,4125..4133,4136..4144,4147..4155,4158..4166,4169..4177,4180..4188,4191..4199,4202..4210,4213..4221,4224..4232,4235..4243,4246..4254,4257..4265,4268..4276,4279..4287,4290..4298,4301..4309,4312..4320,4323..4331,4334..4342,4345..4353,4356..4364,4367..4375,4378..4386,4389..4397,4400..4408,4411..4419,4422..4430,4433..4441,4444..4452,4455..4463,4466..5642]   ; Merged with q2[0]                      ;
; q3[1..8,11,22,33,44,55,66..74,77..85,88..96,99..107,110..118,121..129,132..140,143..151,154..162,165..173,176..184,187..195,198..206,209..217,220..228,231..239,242..250,253..261,264..272,275..283,286..294,297..305,308..316,319..327,330..338,341..349,352..360,363..371,374..382,385..393,396..404,407..415,418..426,429..437,440..448,451..459,462..470,473..481,484..492,495..503,506..514,517..525,528..536,539..547,550..558,561..569,572..580,583..591,594..602,605..613,616..624,627..635,638..646,649..657,660..668,671..679,682..690,693..701,704..712,715..723,726..734,737..745,748..756,759..767,770..778,781..789,792..800,803..811,814..822,825..833,836..844,847..855,858..866,869..877,880..888,891..899,902..910,913..921,924..932,935..943,946..954,957..965,968..976,979..987,990..998,1001..1009,1012..1020,1023..1031,1034..1042,1045..1053,1056..1064,1067..1075,1078..1086,1089..1097,1100..1108,1111..1119,1122..1130,1133..1141,1144..1152,1155..1163,1166..1174,1177..1185,1188..1196,1199..1207,1210..1218,1221..1229,1232..1240,1243..1251,1254..1262,1265..1273,1276..1284,1287..1295,1298..1306,1309..1317,1320..1328,1331..1339,1342..1350,1353..1361,1364..1372,1375..1383,1386..1394,1397..1405,1408..1416,1419..1427,1430..1438,1441..1449,1452..1460,1463..1471,1474..1482,1485..1493,1496..1504,1507..1515,1518..1526,1529..1537,1540..1548,1551..1559,1562..1570,1573..1581,1584..1592,1595..1603,1606..1614,1617..1625,1628..1636,1639..1647,1650..1658,1661..1669,1672..1680,1683..1691,1694..1702,1705..1713,1716..1724,1727..1735,1738..1746,1749..1757,1760..1768,1771..1779,1782..1790,1793..1801,1804..1812,1815..1823,1826..1834,1837..1845,1848..1856,1859..1867,1870..1878,1881..1889,1892..1900,1903..1911,1914..1922,1925..1933,1936..1944,1947..1955,1958..1966,1969..1977,1980..1988,1991..1999,2002..2010,2013..2021,2024..2032,2035..2043,2046..2054,2057..2065,2068..2076,2079..2087,2090..2098,2101..2109,2112..2120,2123..2131,2134..2142,2145..2153,2156..2164,2167..2175,2178..2186,2189..2197,2200..2208,2211..2219,2222..2230,2233..2241,2244..2252,2255..2263,2266..2274,2277..2285,2288..2296,2299..2307,2310..2318,2321..2329,2332..2340,2343..2351,2354..2362,2365..2373,2376..2384,2387..2395,2398..2406,2409..2417,2420..2428,2431..2439,2442..2450,2453..2461,2464..2472,2475..2483,2486..2494,2497..2505,2508..2516,2519..2527,2530..2538,2541..2549,2552..2560,2563..2571,2574..2582,2585..2593,2596..2604,2607..2615,2618..2626,2629..2637,2640..2648,2651..2659,2662..2670,2673..2681,2684..2692,2695..2703,2706..2714,2717..2725,2728..2736,2739..2747,2750..2758,2761..2769,2772..2780,2783..2791,2794..2802,2805..2813,2816..2824,2827..2835,2838..2846,2849..2857,2860..2868,2871..2879,2882..2890,2893..2901,2904..2912,2915..2923,2926..2934,2937..2945,2948..2956,2959..2967,2970..2978,2981..2989,2992..3000,3003..3011,3014..3022,3025..3033,3036..3044,3047..3055,3058..3066,3069..3077,3080..3088,3091..3099,3102..3110,3113..3121,3124..3132,3135..3143,3146..3154,3157..3165,3168..3176,3179..3187,3190..3198,3201..3209,3212..3220,3223..3231,3234..3242,3245..3253,3256..3264,3267..3275,3278..3286,3289..3297,3300..3308,3311..3319,3322..3330,3333..3341,3344..3352,3355..3363,3366..3374,3377..3385,3388..3396,3399..3407,3410..3418,3421..3429,3432..3440,3443..3451,3454..3462,3465..3473,3476..3484,3487..3495,3498..3506,3509..3517,3520..3528,3531..3539,3542..3550,3553..3561,3564..3572,3575..3583,3586..3594,3597..3605,3608..3616,3619..3627,3630..3638,3641..3649,3652..3660,3663..3671,3674..3682,3685..3693,3696..3704,3707..3715,3718..3726,3729..3737,3740..3748,3751..3759,3762..3770,3773..3781,3784..3792,3795..3803,3806..3814,3817..3825,3828..3836,3839..3847,3850..3858,3861..3869,3872..3880,3883..3891,3894..3902,3905..3913,3916..3924,3927..3935,3938..3946,3949..3957,3960..3968,3971..3979,3982..3990,3993..4001,4004..4012,4015..4023,4026..4034,4037..4045,4048..4056,4059..4067,4070..4078,4081..4089,4092..4100,4103..4111,4114..4122,4125..4133,4136..4144,4147..4155,4158..4166,4169..4177,4180..4188,4191..4199,4202..4210,4213..4221,4224..4232,4235..4243,4246..4254,4257..4265,4268..4276,4279..4287,4290..4298,4301..4309,4312..4320,4323..4331,4334..4342,4345..4353,4356..4364,4367..4375,4378..4386,4389..4397,4400..4408,4411..4419,4422..4430,4433..4441,4444..4452,4455..4463,4466..5642]   ; Merged with q3[0]                      ;
; q4[1..8,11,22,33,44,55,66..74,77..85,88..96,99..107,110..118,121..129,132..140,143..151,154..162,165..173,176..184,187..195,198..206,209..217,220..228,231..239,242..250,253..261,264..272,275..283,286..294,297..305,308..316,319..327,330..338,341..349,352..360,363..371,374..382,385..393,396..404,407..415,418..426,429..437,440..448,451..459,462..470,473..481,484..492,495..503,506..514,517..525,528..536,539..547,550..558,561..569,572..580,583..591,594..602,605..613,616..624,627..635,638..646,649..657,660..668,671..679,682..690,693..701,704..712,715..723,726..734,737..745,748..756,759..767,770..778,781..789,792..800,803..811,814..822,825..833,836..844,847..855,858..866,869..877,880..888,891..899,902..910,913..921,924..932,935..943,946..954,957..965,968..976,979..987,990..998,1001..1009,1012..1020,1023..1031,1034..1042,1045..1053,1056..1064,1067..1075,1078..1086,1089..1097,1100..1108,1111..1119,1122..1130,1133..1141,1144..1152,1155..1163,1166..1174,1177..1185,1188..1196,1199..1207,1210..1218,1221..1229,1232..1240,1243..1251,1254..1262,1265..1273,1276..1284,1287..1295,1298..1306,1309..1317,1320..1328,1331..1339,1342..1350,1353..1361,1364..1372,1375..1383,1386..1394,1397..1405,1408..1416,1419..1427,1430..1438,1441..1449,1452..1460,1463..1471,1474..1482,1485..1493,1496..1504,1507..1515,1518..1526,1529..1537,1540..1548,1551..1559,1562..1570,1573..1581,1584..1592,1595..1603,1606..1614,1617..1625,1628..1636,1639..1647,1650..1658,1661..1669,1672..1680,1683..1691,1694..1702,1705..1713,1716..1724,1727..1735,1738..1746,1749..1757,1760..1768,1771..1779,1782..1790,1793..1801,1804..1812,1815..1823,1826..1834,1837..1845,1848..1856,1859..1867,1870..1878,1881..1889,1892..1900,1903..1911,1914..1922,1925..1933,1936..1944,1947..1955,1958..1966,1969..1977,1980..1988,1991..1999,2002..2010,2013..2021,2024..2032,2035..2043,2046..2054,2057..2065,2068..2076,2079..2087,2090..2098,2101..2109,2112..2120,2123..2131,2134..2142,2145..2153,2156..2164,2167..2175,2178..2186,2189..2197,2200..2208,2211..2219,2222..2230,2233..2241,2244..2252,2255..2263,2266..2274,2277..2285,2288..2296,2299..2307,2310..2318,2321..2329,2332..2340,2343..2351,2354..2362,2365..2373,2376..2384,2387..2395,2398..2406,2409..2417,2420..2428,2431..2439,2442..2450,2453..2461,2464..2472,2475..2483,2486..2494,2497..2505,2508..2516,2519..2527,2530..2538,2541..2549,2552..2560,2563..2571,2574..2582,2585..2593,2596..2604,2607..2615,2618..2626,2629..2637,2640..2648,2651..2659,2662..2670,2673..2681,2684..2692,2695..2703,2706..2714,2717..2725,2728..2736,2739..2747,2750..2758,2761..2769,2772..2780,2783..2791,2794..2802,2805..2813,2816..2824,2827..2835,2838..2846,2849..2857,2860..2868,2871..2879,2882..2890,2893..2901,2904..2912,2915..2923,2926..2934,2937..2945,2948..2956,2959..2967,2970..2978,2981..2989,2992..3000,3003..3011,3014..3022,3025..3033,3036..3044,3047..3055,3058..3066,3069..3077,3080..3088,3091..3099,3102..3110,3113..3121,3124..3132,3135..3143,3146..3154,3157..3165,3168..3176,3179..3187,3190..3198,3201..3209,3212..3220,3223..3231,3234..3242,3245..3253,3256..3264,3267..3275,3278..3286,3289..3297,3300..3308,3311..3319,3322..3330,3333..3341,3344..3352,3355..3363,3366..3374,3377..3385,3388..3396,3399..3407,3410..3418,3421..3429,3432..3440,3443..3451,3454..3462,3465..3473,3476..3484,3487..3495,3498..3506,3509..3517,3520..3528,3531..3539,3542..3550,3553..3561,3564..3572,3575..3583,3586..3594,3597..3605,3608..3616,3619..3627,3630..3638,3641..3649,3652..3660,3663..3671,3674..3682,3685..3693,3696..3704,3707..3715,3718..3726,3729..3737,3740..3748,3751..3759,3762..3770,3773..3781,3784..3792,3795..3803,3806..3814,3817..3825,3828..3836,3839..3847,3850..3858,3861..3869,3872..3880,3883..3891,3894..3902,3905..3913,3916..3924,3927..3935,3938..3946,3949..3957,3960..3968,3971..3979,3982..3990,3993..4001,4004..4012,4015..4023,4026..4034,4037..4045,4048..4056,4059..4067,4070..4078,4081..4089,4092..4100,4103..4111,4114..4122,4125..4133,4136..4144,4147..4155,4158..4166,4169..4177,4180..4188,4191..4199,4202..4210,4213..4221,4224..4232,4235..4243,4246..4254,4257..4265,4268..4276,4279..4287,4290..4298,4301..4309,4312..4320,4323..4331,4334..4342,4345..4353,4356..4364,4367..4375,4378..4386,4389..4397,4400..4408,4411..4419,4422..4430,4433..4441,4444..4452,4455..4463,4466..5642]   ; Merged with q4[0]                      ;
; q0[9,10,20,21,31,32,42,43,53,54,64,65,75,76,86,87,97,98,108,109,119,120,130,131,141,142,152,153,163,164,174,175,185,186,196,197,207,208,218,219,229,230,240,241,251,252,262,263,273,274,284,285,295,296,306,307,317,318,328,329,339,340,350,351,361,362,372,373,383,384,394,395,405,406,416,417,427,428,438,439,449,450,460,461,471,472,482,483,493,494,504,505,515,516,526,527,537,538,548,549,559,560,570,571,581,582,592,593,603,604,614,615,625,626,636,637,647,648,658,659,669,670,680,681,691,692,702,703,713,714,724,725,735,736,746,747,757,758,768,769,779,780,790,791,801,802,812,813,823,824,834,835,845,846,856,857,867,868,878,879,889,890,900,901,911,912,922,923,933,934,944,945,955,956,966,967,977,978,988,989,999,1010,1011,1021,1022,1032,1033,1043,1044,1054,1055,1065,1066,1076,1077,1087,1088,1098,1099,1109,1110,1120,1121,1131,1132,1142,1143,1153,1154,1164,1165,1175,1176,1186,1187,1197,1198,1208,1209,1219,1220,1230,1231,1241,1242,1252,1253,1263,1264,1274,1275,1285,1286,1296,1297,1307,1308,1318,1319,1329,1330,1340,1341,1351,1352,1362,1363,1373,1374,1384,1385,1395,1396,1406,1407,1417,1418,1428,1429,1439,1440,1450,1451,1461,1462,1472,1473,1483,1484,1494,1495,1505,1506,1516,1517,1527,1528,1538,1539,1549,1550,1560,1561,1571,1572,1582,1583,1593,1594,1604,1605,1615,1616,1626,1627,1637,1638,1648,1649,1659,1660,1670,1671,1681,1682,1692,1693,1703,1704,1714,1715,1725,1726,1736,1737,1747,1748,1758,1759,1769,1770,1780,1781,1791,1792,1802,1803,1813,1814,1824,1825,1835,1836,1846,1847,1857,1858,1868,1869,1879,1880,1890,1891,1901,1902,1912,1913,1923,1924,1934,1935,1945,1946,1956,1957,1967,1968,1978,1979,1989,1990,2000,2001,2011,2012,2022,2023,2033,2034,2044,2045,2055,2056,2066,2067,2077,2078,2088,2089,2099,2100,2110,2111,2121,2122,2132,2133,2143,2144,2154,2155,2165,2166,2176,2177,2187,2188,2198,2199,2209,2210,2220,2221,2231,2232,2242,2243,2253,2254,2264,2265,2275,2276,2286,2287,2297,2298,2308,2309,2319,2320,2330,2331,2341,2342,2352,2353,2363,2364,2374,2375,2385,2386,2396,2397,2407,2408,2418,2419,2429,2430,2440,2441,2451,2452,2462,2463,2473,2474,2484,2485,2495,2496,2506,2507,2517,2518,2528,2529,2539,2540,2550,2551,2561,2562,2572,2573,2583,2584,2594,2595,2605,2606,2616,2617,2627,2628,2638,2639,2649,2650,2660,2661,2671,2672,2682,2683,2693,2694,2704,2705,2715,2716,2726,2727,2737,2738,2748,2749,2759,2760,2770,2771,2781,2782,2792,2793,2803,2804,2814,2815,2825,2826,2836,2837,2847,2848,2858,2859,2869,2870,2880,2881,2891,2892,2902,2903,2913,2914,2924,2925,2935,2936,2946,2947,2957,2958,2968,2969,2979,2980,2990,2991,3001,3002,3012,3013,3023,3024,3034,3035,3045,3046,3056,3057,3067,3068,3078,3079,3089,3090,3100,3101,3111,3112,3122,3123,3133,3134,3144,3145,3155,3156,3166,3167,3177,3178,3188,3189,3199,3200,3210,3211,3221,3222,3232,3233,3243,3244,3254,3255,3265,3266,3276,3277,3287,3288,3298,3299,3309,3310,3320,3321,3331,3332,3342,3343,3353,3354,3364,3365,3375,3376,3386,3387,3397,3398,3408,3409,3419,3420,3430,3431,3441,3442,3452,3453,3463,3464,3474,3475,3485,3486,3496,3497,3507,3508,3518,3519,3529,3530,3540,3541,3551,3552,3562,3563,3573,3574,3584,3585,3595,3596,3606,3607,3617,3618,3628,3629,3639,3640,3650,3651,3661,3662,3672,3673,3683,3684,3694,3695,3705,3706,3716,3717,3727,3728,3738,3739,3749,3750,3760,3761,3771,3772,3782,3783,3793,3794,3804,3805,3815,3816,3826,3827,3837,3838,3848,3849,3859,3860,3870,3871,3881,3882,3892,3893,3903,3904,3914,3915,3925,3926,3936,3937,3947,3948,3958,3959,3969,3970,3980,3981,3991,3992,4002,4003,4013,4014,4024,4025,4035,4036,4046,4047,4057,4058,4068,4069,4079,4080,4090,4091,4101,4102,4112,4113,4123,4124,4134,4135,4145,4146,4156,4157,4167,4168,4178,4179,4189,4190,4200,4201,4211,4212,4222,4223,4233,4234,4244,4245,4255,4256,4266,4267,4277,4278,4288,4289,4299,4300,4310,4311,4321,4322,4332,4333,4343,4344,4354,4355,4365,4366,4376,4377,4387,4388,4398,4399,4409,4410,4420,4421,4431,4432,4442,4443,4453,4454,4464,4465]                                                                                                                                                                                                                                                                                                                                                                                                                  ; Merged with q0[1000]                   ;
; q1[9,10,20,21,31,32,42,43,53,54,64,65,75,76,86,87,97,98,108,109,119,120,130,131,141,142,152,153,163,164,174,175,185,186,196,197,207,208,218,219,229,230,240,241,251,252,262,263,273,274,284,285,295,296,306,307,317,318,328,329,339,340,350,351,361,362,372,373,383,384,394,395,405,406,416,417,427,428,438,439,449,450,460,461,471,472,482,483,493,494,504,505,515,516,526,527,537,538,548,549,559,560,570,571,581,582,592,593,603,604,614,615,625,626,636,637,647,648,658,659,669,670,680,681,691,692,702,703,713,714,724,725,735,736,746,747,757,758,768,769,779,780,790,791,801,802,812,813,823,824,834,835,845,846,856,857,867,868,878,879,889,890,900,901,911,912,922,923,933,934,944,945,955,956,966,967,977,978,988,989,999,1010,1011,1021,1022,1032,1033,1043,1044,1054,1055,1065,1066,1076,1077,1087,1088,1098,1099,1109,1110,1120,1121,1131,1132,1142,1143,1153,1154,1164,1165,1175,1176,1186,1187,1197,1198,1208,1209,1219,1220,1230,1231,1241,1242,1252,1253,1263,1264,1274,1275,1285,1286,1296,1297,1307,1308,1318,1319,1329,1330,1340,1341,1351,1352,1362,1363,1373,1374,1384,1385,1395,1396,1406,1407,1417,1418,1428,1429,1439,1440,1450,1451,1461,1462,1472,1473,1483,1484,1494,1495,1505,1506,1516,1517,1527,1528,1538,1539,1549,1550,1560,1561,1571,1572,1582,1583,1593,1594,1604,1605,1615,1616,1626,1627,1637,1638,1648,1649,1659,1660,1670,1671,1681,1682,1692,1693,1703,1704,1714,1715,1725,1726,1736,1737,1747,1748,1758,1759,1769,1770,1780,1781,1791,1792,1802,1803,1813,1814,1824,1825,1835,1836,1846,1847,1857,1858,1868,1869,1879,1880,1890,1891,1901,1902,1912,1913,1923,1924,1934,1935,1945,1946,1956,1957,1967,1968,1978,1979,1989,1990,2000,2001,2011,2012,2022,2023,2033,2034,2044,2045,2055,2056,2066,2067,2077,2078,2088,2089,2099,2100,2110,2111,2121,2122,2132,2133,2143,2144,2154,2155,2165,2166,2176,2177,2187,2188,2198,2199,2209,2210,2220,2221,2231,2232,2242,2243,2253,2254,2264,2265,2275,2276,2286,2287,2297,2298,2308,2309,2319,2320,2330,2331,2341,2342,2352,2353,2363,2364,2374,2375,2385,2386,2396,2397,2407,2408,2418,2419,2429,2430,2440,2441,2451,2452,2462,2463,2473,2474,2484,2485,2495,2496,2506,2507,2517,2518,2528,2529,2539,2540,2550,2551,2561,2562,2572,2573,2583,2584,2594,2595,2605,2606,2616,2617,2627,2628,2638,2639,2649,2650,2660,2661,2671,2672,2682,2683,2693,2694,2704,2705,2715,2716,2726,2727,2737,2738,2748,2749,2759,2760,2770,2771,2781,2782,2792,2793,2803,2804,2814,2815,2825,2826,2836,2837,2847,2848,2858,2859,2869,2870,2880,2881,2891,2892,2902,2903,2913,2914,2924,2925,2935,2936,2946,2947,2957,2958,2968,2969,2979,2980,2990,2991,3001,3002,3012,3013,3023,3024,3034,3035,3045,3046,3056,3057,3067,3068,3078,3079,3089,3090,3100,3101,3111,3112,3122,3123,3133,3134,3144,3145,3155,3156,3166,3167,3177,3178,3188,3189,3199,3200,3210,3211,3221,3222,3232,3233,3243,3244,3254,3255,3265,3266,3276,3277,3287,3288,3298,3299,3309,3310,3320,3321,3331,3332,3342,3343,3353,3354,3364,3365,3375,3376,3386,3387,3397,3398,3408,3409,3419,3420,3430,3431,3441,3442,3452,3453,3463,3464,3474,3475,3485,3486,3496,3497,3507,3508,3518,3519,3529,3530,3540,3541,3551,3552,3562,3563,3573,3574,3584,3585,3595,3596,3606,3607,3617,3618,3628,3629,3639,3640,3650,3651,3661,3662,3672,3673,3683,3684,3694,3695,3705,3706,3716,3717,3727,3728,3738,3739,3749,3750,3760,3761,3771,3772,3782,3783,3793,3794,3804,3805,3815,3816,3826,3827,3837,3838,3848,3849,3859,3860,3870,3871,3881,3882,3892,3893,3903,3904,3914,3915,3925,3926,3936,3937,3947,3948,3958,3959,3969,3970,3980,3981,3991,3992,4002,4003,4013,4014,4024,4025,4035,4036,4046,4047,4057,4058,4068,4069,4079,4080,4090,4091,4101,4102,4112,4113,4123,4124,4134,4135,4145,4146,4156,4157,4167,4168,4178,4179,4189,4190,4200,4201,4211,4212,4222,4223,4233,4234,4244,4245,4255,4256,4266,4267,4277,4278,4288,4289,4299,4300,4310,4311,4321,4322,4332,4333,4343,4344,4354,4355,4365,4366,4376,4377,4387,4388,4398,4399,4409,4410,4420,4421,4431,4432,4442,4443,4453,4454,4464,4465]                                                                                                                                                                                                                                                                                                                                                                                                                  ; Merged with q1[1000]                   ;
; q2[9,10,20,21,31,32,42,43,53,54,64,65,75,76,86,87,97,98,108,109,119,120,130,131,141,142,152,153,163,164,174,175,185,186,196,197,207,208,218,219,229,230,240,241,251,252,262,263,273,274,284,285,295,296,306,307,317,318,328,329,339,340,350,351,361,362,372,373,383,384,394,395,405,406,416,417,427,428,438,439,449,450,460,461,471,472,482,483,493,494,504,505,515,516,526,527,537,538,548,549,559,560,570,571,581,582,592,593,603,604,614,615,625,626,636,637,647,648,658,659,669,670,680,681,691,692,702,703,713,714,724,725,735,736,746,747,757,758,768,769,779,780,790,791,801,802,812,813,823,824,834,835,845,846,856,857,867,868,878,879,889,890,900,901,911,912,922,923,933,934,944,945,955,956,966,967,977,978,988,989,999,1010,1011,1021,1022,1032,1033,1043,1044,1054,1055,1065,1066,1076,1077,1087,1088,1098,1099,1109,1110,1120,1121,1131,1132,1142,1143,1153,1154,1164,1165,1175,1176,1186,1187,1197,1198,1208,1209,1219,1220,1230,1231,1241,1242,1252,1253,1263,1264,1274,1275,1285,1286,1296,1297,1307,1308,1318,1319,1329,1330,1340,1341,1351,1352,1362,1363,1373,1374,1384,1385,1395,1396,1406,1407,1417,1418,1428,1429,1439,1440,1450,1451,1461,1462,1472,1473,1483,1484,1494,1495,1505,1506,1516,1517,1527,1528,1538,1539,1549,1550,1560,1561,1571,1572,1582,1583,1593,1594,1604,1605,1615,1616,1626,1627,1637,1638,1648,1649,1659,1660,1670,1671,1681,1682,1692,1693,1703,1704,1714,1715,1725,1726,1736,1737,1747,1748,1758,1759,1769,1770,1780,1781,1791,1792,1802,1803,1813,1814,1824,1825,1835,1836,1846,1847,1857,1858,1868,1869,1879,1880,1890,1891,1901,1902,1912,1913,1923,1924,1934,1935,1945,1946,1956,1957,1967,1968,1978,1979,1989,1990,2000,2001,2011,2012,2022,2023,2033,2034,2044,2045,2055,2056,2066,2067,2077,2078,2088,2089,2099,2100,2110,2111,2121,2122,2132,2133,2143,2144,2154,2155,2165,2166,2176,2177,2187,2188,2198,2199,2209,2210,2220,2221,2231,2232,2242,2243,2253,2254,2264,2265,2275,2276,2286,2287,2297,2298,2308,2309,2319,2320,2330,2331,2341,2342,2352,2353,2363,2364,2374,2375,2385,2386,2396,2397,2407,2408,2418,2419,2429,2430,2440,2441,2451,2452,2462,2463,2473,2474,2484,2485,2495,2496,2506,2507,2517,2518,2528,2529,2539,2540,2550,2551,2561,2562,2572,2573,2583,2584,2594,2595,2605,2606,2616,2617,2627,2628,2638,2639,2649,2650,2660,2661,2671,2672,2682,2683,2693,2694,2704,2705,2715,2716,2726,2727,2737,2738,2748,2749,2759,2760,2770,2771,2781,2782,2792,2793,2803,2804,2814,2815,2825,2826,2836,2837,2847,2848,2858,2859,2869,2870,2880,2881,2891,2892,2902,2903,2913,2914,2924,2925,2935,2936,2946,2947,2957,2958,2968,2969,2979,2980,2990,2991,3001,3002,3012,3013,3023,3024,3034,3035,3045,3046,3056,3057,3067,3068,3078,3079,3089,3090,3100,3101,3111,3112,3122,3123,3133,3134,3144,3145,3155,3156,3166,3167,3177,3178,3188,3189,3199,3200,3210,3211,3221,3222,3232,3233,3243,3244,3254,3255,3265,3266,3276,3277,3287,3288,3298,3299,3309,3310,3320,3321,3331,3332,3342,3343,3353,3354,3364,3365,3375,3376,3386,3387,3397,3398,3408,3409,3419,3420,3430,3431,3441,3442,3452,3453,3463,3464,3474,3475,3485,3486,3496,3497,3507,3508,3518,3519,3529,3530,3540,3541,3551,3552,3562,3563,3573,3574,3584,3585,3595,3596,3606,3607,3617,3618,3628,3629,3639,3640,3650,3651,3661,3662,3672,3673,3683,3684,3694,3695,3705,3706,3716,3717,3727,3728,3738,3739,3749,3750,3760,3761,3771,3772,3782,3783,3793,3794,3804,3805,3815,3816,3826,3827,3837,3838,3848,3849,3859,3860,3870,3871,3881,3882,3892,3893,3903,3904,3914,3915,3925,3926,3936,3937,3947,3948,3958,3959,3969,3970,3980,3981,3991,3992,4002,4003,4013,4014,4024,4025,4035,4036,4046,4047,4057,4058,4068,4069,4079,4080,4090,4091,4101,4102,4112,4113,4123,4124,4134,4135,4145,4146,4156,4157,4167,4168,4178,4179,4189,4190,4200,4201,4211,4212,4222,4223,4233,4234,4244,4245,4255,4256,4266,4267,4277,4278,4288,4289,4299,4300,4310,4311,4321,4322,4332,4333,4343,4344,4354,4355,4365,4366,4376,4377,4387,4388,4398,4399,4409,4410,4420,4421,4431,4432,4442,4443,4453,4454,4464,4465]                                                                                                                                                                                                                                                                                                                                                                                                                  ; Merged with q2[1000]                   ;
; q3[9,10,20,21,31,32,42,43,53,54,64,65,75,76,86,87,97,98,108,109,119,120,130,131,141,142,152,153,163,164,174,175,185,186,196,197,207,208,218,219,229,230,240,241,251,252,262,263,273,274,284,285,295,296,306,307,317,318,328,329,339,340,350,351,361,362,372,373,383,384,394,395,405,406,416,417,427,428,438,439,449,450,460,461,471,472,482,483,493,494,504,505,515,516,526,527,537,538,548,549,559,560,570,571,581,582,592,593,603,604,614,615,625,626,636,637,647,648,658,659,669,670,680,681,691,692,702,703,713,714,724,725,735,736,746,747,757,758,768,769,779,780,790,791,801,802,812,813,823,824,834,835,845,846,856,857,867,868,878,879,889,890,900,901,911,912,922,923,933,934,944,945,955,956,966,967,977,978,988,989,999,1010,1011,1021,1022,1032,1033,1043,1044,1054,1055,1065,1066,1076,1077,1087,1088,1098,1099,1109,1110,1120,1121,1131,1132,1142,1143,1153,1154,1164,1165,1175,1176,1186,1187,1197,1198,1208,1209,1219,1220,1230,1231,1241,1242,1252,1253,1263,1264,1274,1275,1285,1286,1296,1297,1307,1308,1318,1319,1329,1330,1340,1341,1351,1352,1362,1363,1373,1374,1384,1385,1395,1396,1406,1407,1417,1418,1428,1429,1439,1440,1450,1451,1461,1462,1472,1473,1483,1484,1494,1495,1505,1506,1516,1517,1527,1528,1538,1539,1549,1550,1560,1561,1571,1572,1582,1583,1593,1594,1604,1605,1615,1616,1626,1627,1637,1638,1648,1649,1659,1660,1670,1671,1681,1682,1692,1693,1703,1704,1714,1715,1725,1726,1736,1737,1747,1748,1758,1759,1769,1770,1780,1781,1791,1792,1802,1803,1813,1814,1824,1825,1835,1836,1846,1847,1857,1858,1868,1869,1879,1880,1890,1891,1901,1902,1912,1913,1923,1924,1934,1935,1945,1946,1956,1957,1967,1968,1978,1979,1989,1990,2000,2001,2011,2012,2022,2023,2033,2034,2044,2045,2055,2056,2066,2067,2077,2078,2088,2089,2099,2100,2110,2111,2121,2122,2132,2133,2143,2144,2154,2155,2165,2166,2176,2177,2187,2188,2198,2199,2209,2210,2220,2221,2231,2232,2242,2243,2253,2254,2264,2265,2275,2276,2286,2287,2297,2298,2308,2309,2319,2320,2330,2331,2341,2342,2352,2353,2363,2364,2374,2375,2385,2386,2396,2397,2407,2408,2418,2419,2429,2430,2440,2441,2451,2452,2462,2463,2473,2474,2484,2485,2495,2496,2506,2507,2517,2518,2528,2529,2539,2540,2550,2551,2561,2562,2572,2573,2583,2584,2594,2595,2605,2606,2616,2617,2627,2628,2638,2639,2649,2650,2660,2661,2671,2672,2682,2683,2693,2694,2704,2705,2715,2716,2726,2727,2737,2738,2748,2749,2759,2760,2770,2771,2781,2782,2792,2793,2803,2804,2814,2815,2825,2826,2836,2837,2847,2848,2858,2859,2869,2870,2880,2881,2891,2892,2902,2903,2913,2914,2924,2925,2935,2936,2946,2947,2957,2958,2968,2969,2979,2980,2990,2991,3001,3002,3012,3013,3023,3024,3034,3035,3045,3046,3056,3057,3067,3068,3078,3079,3089,3090,3100,3101,3111,3112,3122,3123,3133,3134,3144,3145,3155,3156,3166,3167,3177,3178,3188,3189,3199,3200,3210,3211,3221,3222,3232,3233,3243,3244,3254,3255,3265,3266,3276,3277,3287,3288,3298,3299,3309,3310,3320,3321,3331,3332,3342,3343,3353,3354,3364,3365,3375,3376,3386,3387,3397,3398,3408,3409,3419,3420,3430,3431,3441,3442,3452,3453,3463,3464,3474,3475,3485,3486,3496,3497,3507,3508,3518,3519,3529,3530,3540,3541,3551,3552,3562,3563,3573,3574,3584,3585,3595,3596,3606,3607,3617,3618,3628,3629,3639,3640,3650,3651,3661,3662,3672,3673,3683,3684,3694,3695,3705,3706,3716,3717,3727,3728,3738,3739,3749,3750,3760,3761,3771,3772,3782,3783,3793,3794,3804,3805,3815,3816,3826,3827,3837,3838,3848,3849,3859,3860,3870,3871,3881,3882,3892,3893,3903,3904,3914,3915,3925,3926,3936,3937,3947,3948,3958,3959,3969,3970,3980,3981,3991,3992,4002,4003,4013,4014,4024,4025,4035,4036,4046,4047,4057,4058,4068,4069,4079,4080,4090,4091,4101,4102,4112,4113,4123,4124,4134,4135,4145,4146,4156,4157,4167,4168,4178,4179,4189,4190,4200,4201,4211,4212,4222,4223,4233,4234,4244,4245,4255,4256,4266,4267,4277,4278,4288,4289,4299,4300,4310,4311,4321,4322,4332,4333,4343,4344,4354,4355,4365,4366,4376,4377,4387,4388,4398,4399,4409,4410,4420,4421,4431,4432,4442,4443,4453,4454,4464,4465]                                                                                                                                                                                                                                                                                                                                                                                                                  ; Merged with q3[1000]                   ;
; q4[9,10,20,21,31,32,42,43,53,54,64,65,75,76,86,87,97,98,108,109,119,120,130,131,141,142,152,153,163,164,174,175,185,186,196,197,207,208,218,219,229,230,240,241,251,252,262,263,273,274,284,285,295,296,306,307,317,318,328,329,339,340,350,351,361,362,372,373,383,384,394,395,405,406,416,417,427,428,438,439,449,450,460,461,471,472,482,483,493,494,504,505,515,516,526,527,537,538,548,549,559,560,570,571,581,582,592,593,603,604,614,615,625,626,636,637,647,648,658,659,669,670,680,681,691,692,702,703,713,714,724,725,735,736,746,747,757,758,768,769,779,780,790,791,801,802,812,813,823,824,834,835,845,846,856,857,867,868,878,879,889,890,900,901,911,912,922,923,933,934,944,945,955,956,966,967,977,978,988,989,999,1010,1011,1021,1022,1032,1033,1043,1044,1054,1055,1065,1066,1076,1077,1087,1088,1098,1099,1109,1110,1120,1121,1131,1132,1142,1143,1153,1154,1164,1165,1175,1176,1186,1187,1197,1198,1208,1209,1219,1220,1230,1231,1241,1242,1252,1253,1263,1264,1274,1275,1285,1286,1296,1297,1307,1308,1318,1319,1329,1330,1340,1341,1351,1352,1362,1363,1373,1374,1384,1385,1395,1396,1406,1407,1417,1418,1428,1429,1439,1440,1450,1451,1461,1462,1472,1473,1483,1484,1494,1495,1505,1506,1516,1517,1527,1528,1538,1539,1549,1550,1560,1561,1571,1572,1582,1583,1593,1594,1604,1605,1615,1616,1626,1627,1637,1638,1648,1649,1659,1660,1670,1671,1681,1682,1692,1693,1703,1704,1714,1715,1725,1726,1736,1737,1747,1748,1758,1759,1769,1770,1780,1781,1791,1792,1802,1803,1813,1814,1824,1825,1835,1836,1846,1847,1857,1858,1868,1869,1879,1880,1890,1891,1901,1902,1912,1913,1923,1924,1934,1935,1945,1946,1956,1957,1967,1968,1978,1979,1989,1990,2000,2001,2011,2012,2022,2023,2033,2034,2044,2045,2055,2056,2066,2067,2077,2078,2088,2089,2099,2100,2110,2111,2121,2122,2132,2133,2143,2144,2154,2155,2165,2166,2176,2177,2187,2188,2198,2199,2209,2210,2220,2221,2231,2232,2242,2243,2253,2254,2264,2265,2275,2276,2286,2287,2297,2298,2308,2309,2319,2320,2330,2331,2341,2342,2352,2353,2363,2364,2374,2375,2385,2386,2396,2397,2407,2408,2418,2419,2429,2430,2440,2441,2451,2452,2462,2463,2473,2474,2484,2485,2495,2496,2506,2507,2517,2518,2528,2529,2539,2540,2550,2551,2561,2562,2572,2573,2583,2584,2594,2595,2605,2606,2616,2617,2627,2628,2638,2639,2649,2650,2660,2661,2671,2672,2682,2683,2693,2694,2704,2705,2715,2716,2726,2727,2737,2738,2748,2749,2759,2760,2770,2771,2781,2782,2792,2793,2803,2804,2814,2815,2825,2826,2836,2837,2847,2848,2858,2859,2869,2870,2880,2881,2891,2892,2902,2903,2913,2914,2924,2925,2935,2936,2946,2947,2957,2958,2968,2969,2979,2980,2990,2991,3001,3002,3012,3013,3023,3024,3034,3035,3045,3046,3056,3057,3067,3068,3078,3079,3089,3090,3100,3101,3111,3112,3122,3123,3133,3134,3144,3145,3155,3156,3166,3167,3177,3178,3188,3189,3199,3200,3210,3211,3221,3222,3232,3233,3243,3244,3254,3255,3265,3266,3276,3277,3287,3288,3298,3299,3309,3310,3320,3321,3331,3332,3342,3343,3353,3354,3364,3365,3375,3376,3386,3387,3397,3398,3408,3409,3419,3420,3430,3431,3441,3442,3452,3453,3463,3464,3474,3475,3485,3486,3496,3497,3507,3508,3518,3519,3529,3530,3540,3541,3551,3552,3562,3563,3573,3574,3584,3585,3595,3596,3606,3607,3617,3618,3628,3629,3639,3640,3650,3651,3661,3662,3672,3673,3683,3684,3694,3695,3705,3706,3716,3717,3727,3728,3738,3739,3749,3750,3760,3761,3771,3772,3782,3783,3793,3794,3804,3805,3815,3816,3826,3827,3837,3838,3848,3849,3859,3860,3870,3871,3881,3882,3892,3893,3903,3904,3914,3915,3925,3926,3936,3937,3947,3948,3958,3959,3969,3970,3980,3981,3991,3992,4002,4003,4013,4014,4024,4025,4035,4036,4046,4047,4057,4058,4068,4069,4079,4080,4090,4091,4101,4102,4112,4113,4123,4124,4134,4135,4145,4146,4156,4157,4167,4168,4178,4179,4189,4190,4200,4201,4211,4212,4222,4223,4233,4234,4244,4245,4255,4256,4266,4267,4277,4278,4288,4289,4299,4300,4310,4311,4321,4322,4332,4333,4343,4344,4354,4355,4365,4366,4376,4377,4387,4388,4398,4399,4409,4410,4420,4421,4431,4432,4442,4443,4453,4454,4464,4465]                                                                                                                                                                                                                                                                                                                                                                                                                  ; Merged with q4[1000]                   ;
; S~4                                                                                                                                                                                                                                                                                                                                                                                                                                                                                                                                                                                                                                                                                                                                                                                                                                                                                                                                                                                                                                                                                                                                                                                                                                                                                                                                                                                                                                                                                                                                                                                                                                                                                                                                                                                                                                                                                                                                                                                                                                                                                                                                                                                                                                                                                                                                                                                                                                                                                                                                                                                                                                                                                                                                                                                                                                                                                                                                                                                                                                                                                                                                                                                                                                                                                                                                                                                                                                                                                                                                                                                                                                                                                                                                                                                                                                                                                                                                                                                                                                                                                                                                                                                                                                                                                                                                                                                                                                 ; Lost fanout                            ;
; S~5                                                                                                                                                                                                                                                                                                                                                                                                                                                                                                                                                                                                                                                                                                                                                                                                                                                                                                                                                                                                                                                                                                                                                                                                                                                                                                                                                                                                                                                                                                                                                                                                                                                                                                                                                                                                                                                                                                                                                                                                                                                                                                                                                                                                                                                                                                                                                                                                                                                                                                                                                                                                                                                                                                                                                                                                                                                                                                                                                                                                                                                                                                                                                                                                                                                                                                                                                                                                                                                                                                                                                                                                                                                                                                                                                                                                                                                                                                                                                                                                                                                                                                                                                                                                                                                                                                                                                                                                                                 ; Lost fanout                            ;
; S~6                                                                                                                                                                                                                                                                                                                                                                                                                                                                                                                                                                                                                                                                                                                                                                                                                                                                                                                                                                                                                                                                                                                                                                                                                                                                                                                                                                                                                                                                                                                                                                                                                                                                                                                                                                                                                                                                                                                                                                                                                                                                                                                                                                                                                                                                                                                                                                                                                                                                                                                                                                                                                                                                                                                                                                                                                                                                                                                                                                                                                                                                                                                                                                                                                                                                                                                                                                                                                                                                                                                                                                                                                                                                                                                                                                                                                                                                                                                                                                                                                                                                                                                                                                                                                                                                                                                                                                                                                                 ; Lost fanout                            ;
; S~7                                                                                                                                                                                                                                                                                                                                                                                                                                                                                                                                                                                                                                                                                                                                                                                                                                                                                                                                                                                                                                                                                                                                                                                                                                                                                                                                                                                                                                                                                                                                                                                                                                                                                                                                                                                                                                                                                                                                                                                                                                                                                                                                                                                                                                                                                                                                                                                                                                                                                                                                                                                                                                                                                                                                                                                                                                                                                                                                                                                                                                                                                                                                                                                                                                                                                                                                                                                                                                                                                                                                                                                                                                                                                                                                                                                                                                                                                                                                                                                                                                                                                                                                                                                                                                                                                                                                                                                                                                 ; Lost fanout                            ;
; S~8                                                                                                                                                                                                                                                                                                                                                                                                                                                                                                                                                                                                                                                                                                                                                                                                                                                                                                                                                                                                                                                                                                                                                                                                                                                                                                                                                                                                                                                                                                                                                                                                                                                                                                                                                                                                                                                                                                                                                                                                                                                                                                                                                                                                                                                                                                                                                                                                                                                                                                                                                                                                                                                                                                                                                                                                                                                                                                                                                                                                                                                                                                                                                                                                                                                                                                                                                                                                                                                                                                                                                                                                                                                                                                                                                                                                                                                                                                                                                                                                                                                                                                                                                                                                                                                                                                                                                                                                                                 ; Lost fanout                            ;
; fade:fade5|S~4                                                                                                                                                                                                                                                                                                                                                                                                                                                                                                                                                                                                                                                                                                                                                                                                                                                                                                                                                                                                                                                                                                                                                                                                                                                                                                                                                                                                                                                                                                                                                                                                                                                                                                                                                                                                                                                                                                                                                                                                                                                                                                                                                                                                                                                                                                                                                                                                                                                                                                                                                                                                                                                                                                                                                                                                                                                                                                                                                                                                                                                                                                                                                                                                                                                                                                                                                                                                                                                                                                                                                                                                                                                                                                                                                                                                                                                                                                                                                                                                                                                                                                                                                                                                                                                                                                                                                                                                                      ; Lost fanout                            ;
; fade:fade5|S~5                                                                                                                                                                                                                                                                                                                                                                                                                                                                                                                                                                                                                                                                                                                                                                                                                                                                                                                                                                                                                                                                                                                                                                                                                                                                                                                                                                                                                                                                                                                                                                                                                                                                                                                                                                                                                                                                                                                                                                                                                                                                                                                                                                                                                                                                                                                                                                                                                                                                                                                                                                                                                                                                                                                                                                                                                                                                                                                                                                                                                                                                                                                                                                                                                                                                                                                                                                                                                                                                                                                                                                                                                                                                                                                                                                                                                                                                                                                                                                                                                                                                                                                                                                                                                                                                                                                                                                                                                      ; Lost fanout                            ;
; fade:fade5|S~6                                                                                                                                                                                                                                                                                                                                                                                                                                                                                                                                                                                                                                                                                                                                                                                                                                                                                                                                                                                                                                                                                                                                                                                                                                                                                                                                                                                                                                                                                                                                                                                                                                                                                                                                                                                                                                                                                                                                                                                                                                                                                                                                                                                                                                                                                                                                                                                                                                                                                                                                                                                                                                                                                                                                                                                                                                                                                                                                                                                                                                                                                                                                                                                                                                                                                                                                                                                                                                                                                                                                                                                                                                                                                                                                                                                                                                                                                                                                                                                                                                                                                                                                                                                                                                                                                                                                                                                                                      ; Lost fanout                            ;
; fade:fade5|S~7                                                                                                                                                                                                                                                                                                                                                                                                                                                                                                                                                                                                                                                                                                                                                                                                                                                                                                                                                                                                                                                                                                                                                                                                                                                                                                                                                                                                                                                                                                                                                                                                                                                                                                                                                                                                                                                                                                                                                                                                                                                                                                                                                                                                                                                                                                                                                                                                                                                                                                                                                                                                                                                                                                                                                                                                                                                                                                                                                                                                                                                                                                                                                                                                                                                                                                                                                                                                                                                                                                                                                                                                                                                                                                                                                                                                                                                                                                                                                                                                                                                                                                                                                                                                                                                                                                                                                                                                                      ; Lost fanout                            ;
; fade:fade4|S~4                                                                                                                                                                                                                                                                                                                                                                                                                                                                                                                                                                                                                                                                                                                                                                                                                                                                                                                                                                                                                                                                                                                                                                                                                                                                                                                                                                                                                                                                                                                                                                                                                                                                                                                                                                                                                                                                                                                                                                                                                                                                                                                                                                                                                                                                                                                                                                                                                                                                                                                                                                                                                                                                                                                                                                                                                                                                                                                                                                                                                                                                                                                                                                                                                                                                                                                                                                                                                                                                                                                                                                                                                                                                                                                                                                                                                                                                                                                                                                                                                                                                                                                                                                                                                                                                                                                                                                                                                      ; Lost fanout                            ;
; fade:fade4|S~5                                                                                                                                                                                                                                                                                                                                                                                                                                                                                                                                                                                                                                                                                                                                                                                                                                                                                                                                                                                                                                                                                                                                                                                                                                                                                                                                                                                                                                                                                                                                                                                                                                                                                                                                                                                                                                                                                                                                                                                                                                                                                                                                                                                                                                                                                                                                                                                                                                                                                                                                                                                                                                                                                                                                                                                                                                                                                                                                                                                                                                                                                                                                                                                                                                                                                                                                                                                                                                                                                                                                                                                                                                                                                                                                                                                                                                                                                                                                                                                                                                                                                                                                                                                                                                                                                                                                                                                                                      ; Lost fanout                            ;
; fade:fade4|S~6                                                                                                                                                                                                                                                                                                                                                                                                                                                                                                                                                                                                                                                                                                                                                                                                                                                                                                                                                                                                                                                                                                                                                                                                                                                                                                                                                                                                                                                                                                                                                                                                                                                                                                                                                                                                                                                                                                                                                                                                                                                                                                                                                                                                                                                                                                                                                                                                                                                                                                                                                                                                                                                                                                                                                                                                                                                                                                                                                                                                                                                                                                                                                                                                                                                                                                                                                                                                                                                                                                                                                                                                                                                                                                                                                                                                                                                                                                                                                                                                                                                                                                                                                                                                                                                                                                                                                                                                                      ; Lost fanout                            ;
; fade:fade4|S~7                                                                                                                                                                                                                                                                                                                                                                                                                                                                                                                                                                                                                                                                                                                                                                                                                                                                                                                                                                                                                                                                                                                                                                                                                                                                                                                                                                                                                                                                                                                                                                                                                                                                                                                                                                                                                                                                                                                                                                                                                                                                                                                                                                                                                                                                                                                                                                                                                                                                                                                                                                                                                                                                                                                                                                                                                                                                                                                                                                                                                                                                                                                                                                                                                                                                                                                                                                                                                                                                                                                                                                                                                                                                                                                                                                                                                                                                                                                                                                                                                                                                                                                                                                                                                                                                                                                                                                                                                      ; Lost fanout                            ;
; fade:fade3|S~4                                                                                                                                                                                                                                                                                                                                                                                                                                                                                                                                                                                                                                                                                                                                                                                                                                                                                                                                                                                                                                                                                                                                                                                                                                                                                                                                                                                                                                                                                                                                                                                                                                                                                                                                                                                                                                                                                                                                                                                                                                                                                                                                                                                                                                                                                                                                                                                                                                                                                                                                                                                                                                                                                                                                                                                                                                                                                                                                                                                                                                                                                                                                                                                                                                                                                                                                                                                                                                                                                                                                                                                                                                                                                                                                                                                                                                                                                                                                                                                                                                                                                                                                                                                                                                                                                                                                                                                                                      ; Lost fanout                            ;
; fade:fade3|S~5                                                                                                                                                                                                                                                                                                                                                                                                                                                                                                                                                                                                                                                                                                                                                                                                                                                                                                                                                                                                                                                                                                                                                                                                                                                                                                                                                                                                                                                                                                                                                                                                                                                                                                                                                                                                                                                                                                                                                                                                                                                                                                                                                                                                                                                                                                                                                                                                                                                                                                                                                                                                                                                                                                                                                                                                                                                                                                                                                                                                                                                                                                                                                                                                                                                                                                                                                                                                                                                                                                                                                                                                                                                                                                                                                                                                                                                                                                                                                                                                                                                                                                                                                                                                                                                                                                                                                                                                                      ; Lost fanout                            ;
; fade:fade3|S~6                                                                                                                                                                                                                                                                                                                                                                                                                                                                                                                                                                                                                                                                                                                                                                                                                                                                                                                                                                                                                                                                                                                                                                                                                                                                                                                                                                                                                                                                                                                                                                                                                                                                                                                                                                                                                                                                                                                                                                                                                                                                                                                                                                                                                                                                                                                                                                                                                                                                                                                                                                                                                                                                                                                                                                                                                                                                                                                                                                                                                                                                                                                                                                                                                                                                                                                                                                                                                                                                                                                                                                                                                                                                                                                                                                                                                                                                                                                                                                                                                                                                                                                                                                                                                                                                                                                                                                                                                      ; Lost fanout                            ;
; fade:fade3|S~7                                                                                                                                                                                                                                                                                                                                                                                                                                                                                                                                                                                                                                                                                                                                                                                                                                                                                                                                                                                                                                                                                                                                                                                                                                                                                                                                                                                                                                                                                                                                                                                                                                                                                                                                                                                                                                                                                                                                                                                                                                                                                                                                                                                                                                                                                                                                                                                                                                                                                                                                                                                                                                                                                                                                                                                                                                                                                                                                                                                                                                                                                                                                                                                                                                                                                                                                                                                                                                                                                                                                                                                                                                                                                                                                                                                                                                                                                                                                                                                                                                                                                                                                                                                                                                                                                                                                                                                                                      ; Lost fanout                            ;
; fade:fade2|S~4                                                                                                                                                                                                                                                                                                                                                                                                                                                                                                                                                                                                                                                                                                                                                                                                                                                                                                                                                                                                                                                                                                                                                                                                                                                                                                                                                                                                                                                                                                                                                                                                                                                                                                                                                                                                                                                                                                                                                                                                                                                                                                                                                                                                                                                                                                                                                                                                                                                                                                                                                                                                                                                                                                                                                                                                                                                                                                                                                                                                                                                                                                                                                                                                                                                                                                                                                                                                                                                                                                                                                                                                                                                                                                                                                                                                                                                                                                                                                                                                                                                                                                                                                                                                                                                                                                                                                                                                                      ; Lost fanout                            ;
; fade:fade2|S~5                                                                                                                                                                                                                                                                                                                                                                                                                                                                                                                                                                                                                                                                                                                                                                                                                                                                                                                                                                                                                                                                                                                                                                                                                                                                                                                                                                                                                                                                                                                                                                                                                                                                                                                                                                                                                                                                                                                                                                                                                                                                                                                                                                                                                                                                                                                                                                                                                                                                                                                                                                                                                                                                                                                                                                                                                                                                                                                                                                                                                                                                                                                                                                                                                                                                                                                                                                                                                                                                                                                                                                                                                                                                                                                                                                                                                                                                                                                                                                                                                                                                                                                                                                                                                                                                                                                                                                                                                      ; Lost fanout                            ;
; fade:fade2|S~6                                                                                                                                                                                                                                                                                                                                                                                                                                                                                                                                                                                                                                                                                                                                                                                                                                                                                                                                                                                                                                                                                                                                                                                                                                                                                                                                                                                                                                                                                                                                                                                                                                                                                                                                                                                                                                                                                                                                                                                                                                                                                                                                                                                                                                                                                                                                                                                                                                                                                                                                                                                                                                                                                                                                                                                                                                                                                                                                                                                                                                                                                                                                                                                                                                                                                                                                                                                                                                                                                                                                                                                                                                                                                                                                                                                                                                                                                                                                                                                                                                                                                                                                                                                                                                                                                                                                                                                                                      ; Lost fanout                            ;
; fade:fade2|S~7                                                                                                                                                                                                                                                                                                                                                                                                                                                                                                                                                                                                                                                                                                                                                                                                                                                                                                                                                                                                                                                                                                                                                                                                                                                                                                                                                                                                                                                                                                                                                                                                                                                                                                                                                                                                                                                                                                                                                                                                                                                                                                                                                                                                                                                                                                                                                                                                                                                                                                                                                                                                                                                                                                                                                                                                                                                                                                                                                                                                                                                                                                                                                                                                                                                                                                                                                                                                                                                                                                                                                                                                                                                                                                                                                                                                                                                                                                                                                                                                                                                                                                                                                                                                                                                                                                                                                                                                                      ; Lost fanout                            ;
; fade:fade1|S~4                                                                                                                                                                                                                                                                                                                                                                                                                                                                                                                                                                                                                                                                                                                                                                                                                                                                                                                                                                                                                                                                                                                                                                                                                                                                                                                                                                                                                                                                                                                                                                                                                                                                                                                                                                                                                                                                                                                                                                                                                                                                                                                                                                                                                                                                                                                                                                                                                                                                                                                                                                                                                                                                                                                                                                                                                                                                                                                                                                                                                                                                                                                                                                                                                                                                                                                                                                                                                                                                                                                                                                                                                                                                                                                                                                                                                                                                                                                                                                                                                                                                                                                                                                                                                                                                                                                                                                                                                      ; Lost fanout                            ;
; fade:fade1|S~5                                                                                                                                                                                                                                                                                                                                                                                                                                                                                                                                                                                                                                                                                                                                                                                                                                                                                                                                                                                                                                                                                                                                                                                                                                                                                                                                                                                                                                                                                                                                                                                                                                                                                                                                                                                                                                                                                                                                                                                                                                                                                                                                                                                                                                                                                                                                                                                                                                                                                                                                                                                                                                                                                                                                                                                                                                                                                                                                                                                                                                                                                                                                                                                                                                                                                                                                                                                                                                                                                                                                                                                                                                                                                                                                                                                                                                                                                                                                                                                                                                                                                                                                                                                                                                                                                                                                                                                                                      ; Lost fanout                            ;
; fade:fade1|S~6                                                                                                                                                                                                                                                                                                                                                                                                                                                                                                                                                                                                                                                                                                                                                                                                                                                                                                                                                                                                                                                                                                                                                                                                                                                                                                                                                                                                                                                                                                                                                                                                                                                                                                                                                                                                                                                                                                                                                                                                                                                                                                                                                                                                                                                                                                                                                                                                                                                                                                                                                                                                                                                                                                                                                                                                                                                                                                                                                                                                                                                                                                                                                                                                                                                                                                                                                                                                                                                                                                                                                                                                                                                                                                                                                                                                                                                                                                                                                                                                                                                                                                                                                                                                                                                                                                                                                                                                                      ; Lost fanout                            ;
; fade:fade1|S~7                                                                                                                                                                                                                                                                                                                                                                                                                                                                                                                                                                                                                                                                                                                                                                                                                                                                                                                                                                                                                                                                                                                                                                                                                                                                                                                                                                                                                                                                                                                                                                                                                                                                                                                                                                                                                                                                                                                                                                                                                                                                                                                                                                                                                                                                                                                                                                                                                                                                                                                                                                                                                                                                                                                                                                                                                                                                                                                                                                                                                                                                                                                                                                                                                                                                                                                                                                                                                                                                                                                                                                                                                                                                                                                                                                                                                                                                                                                                                                                                                                                                                                                                                                                                                                                                                                                                                                                                                      ; Lost fanout                            ;
; packet:sendpacket|S~4                                                                                                                                                                                                                                                                                                                                                                                                                                                                                                                                                                                                                                                                                                                                                                                                                                                                                                                                                                                                                                                                                                                                                                                                                                                                                                                                                                                                                                                                                                                                                                                                                                                                                                                                                                                                                                                                                                                                                                                                                                                                                                                                                                                                                                                                                                                                                                                                                                                                                                                                                                                                                                                                                                                                                                                                                                                                                                                                                                                                                                                                                                                                                                                                                                                                                                                                                                                                                                                                                                                                                                                                                                                                                                                                                                                                                                                                                                                                                                                                                                                                                                                                                                                                                                                                                                                                                                                                               ; Lost fanout                            ;
; packet:sendpacket|S~5                                                                                                                                                                                                                                                                                                                                                                                                                                                                                                                                                                                                                                                                                                                                                                                                                                                                                                                                                                                                                                                                                                                                                                                                                                                                                                                                                                                                                                                                                                                                                                                                                                                                                                                                                                                                                                                                                                                                                                                                                                                                                                                                                                                                                                                                                                                                                                                                                                                                                                                                                                                                                                                                                                                                                                                                                                                                                                                                                                                                                                                                                                                                                                                                                                                                                                                                                                                                                                                                                                                                                                                                                                                                                                                                                                                                                                                                                                                                                                                                                                                                                                                                                                                                                                                                                                                                                                                                               ; Lost fanout                            ;
; packet:sendpacket|S~6                                                                                                                                                                                                                                                                                                                                                                                                                                                                                                                                                                                                                                                                                                                                                                                                                                                                                                                                                                                                                                                                                                                                                                                                                                                                                                                                                                                                                                                                                                                                                                                                                                                                                                                                                                                                                                                                                                                                                                                                                                                                                                                                                                                                                                                                                                                                                                                                                                                                                                                                                                                                                                                                                                                                                                                                                                                                                                                                                                                                                                                                                                                                                                                                                                                                                                                                                                                                                                                                                                                                                                                                                                                                                                                                                                                                                                                                                                                                                                                                                                                                                                                                                                                                                                                                                                                                                                                                               ; Lost fanout                            ;
; S.INIT                                                                                                                                                                                                                                                                                                                                                                                                                                                                                                                                                                                                                                                                                                                                                                                                                                                                                                                                                                                                                                                                                                                                                                                                                                                                                                                                                                                                                                                                                                                                                                                                                                                                                                                                                                                                                                                                                                                                                                                                                                                                                                                                                                                                                                                                                                                                                                                                                                                                                                                                                                                                                                                                                                                                                                                                                                                                                                                                                                                                                                                                                                                                                                                                                                                                                                                                                                                                                                                                                                                                                                                                                                                                                                                                                                                                                                                                                                                                                                                                                                                                                                                                                                                                                                                                                                                                                                                                                              ; Stuck at GND due to stuck port data_in ;
; Total Number of Removed Registers = 33635                                                                                                                                                                                                                                                                                                                                                                                                                                                                                                                                                                                                                                                                                                                                                                                                                                                                                                                                                                                                                                                                                                                                                                                                                                                                                                                                                                                                                                                                                                                                                                                                                                                                                                                                                                                                                                                                                                                                                                                                                                                                                                                                                                                                                                                                                                                                                                                                                                                                                                                                                                                                                                                                                                                                                                                                                                                                                                                                                                                                                                                                                                                                                                                                                                                                                                                                                                                                                                                                                                                                                                                                                                                                                                                                                                                                                                                                                                                                                                                                                                                                                                                                                                                                                                                                                                                                                                                           ;                                        ;
+-------------------------------------------------------------------------------------------------------------------------------------------------------------------------------------------------------------------------------------------------------------------------------------------------------------------------------------------------------------------------------------------------------------------------------------------------------------------------------------------------------------------------------------------------------------------------------------------------------------------------------------------------------------------------------------------------------------------------------------------------------------------------------------------------------------------------------------------------------------------------------------------------------------------------------------------------------------------------------------------------------------------------------------------------------------------------------------------------------------------------------------------------------------------------------------------------------------------------------------------------------------------------------------------------------------------------------------------------------------------------------------------------------------------------------------------------------------------------------------------------------------------------------------------------------------------------------------------------------------------------------------------------------------------------------------------------------------------------------------------------------------------------------------------------------------------------------------------------------------------------------------------------------------------------------------------------------------------------------------------------------------------------------------------------------------------------------------------------------------------------------------------------------------------------------------------------------------------------------------------------------------------------------------------------------------------------------------------------------------------------------------------------------------------------------------------------------------------------------------------------------------------------------------------------------------------------------------------------------------------------------------------------------------------------------------------------------------------------------------------------------------------------------------------------------------------------------------------------------------------------------------------------------------------------------------------------------------------------------------------------------------------------------------------------------------------------------------------------------------------------------------------------------------------------------------------------------------------------------------------------------------------------------------------------------------------------------------------------------------------------------------------------------------------------------------------------------------------------------------------------------------------------------------------------------------------------------------------------------------------------------------------------------------------------------------------------------------------------------------------------------------------------------------------------------------------------------------------------------------------------------------------------------------------------------------------------------------------------------------------------------------------------------------------------------------------------------------------------------------------------------------------------------------------------------------------------------------------------------------------------------------------------------------------------------------------------------------------------------------------------------------------------------------------------------------+----------------------------------------+


+------------------------------------------------------+
; General Register Statistics                          ;
+----------------------------------------------+-------+
; Statistic                                    ; Value ;
+----------------------------------------------+-------+
; Total registers                              ; 7085  ;
; Number of registers using Synchronous Clear  ; 351   ;
; Number of registers using Synchronous Load   ; 5957  ;
; Number of registers using Asynchronous Clear ; 6630  ;
; Number of registers using Asynchronous Load  ; 0     ;
; Number of registers using Clock Enable       ; 6760  ;
; Number of registers using Preset             ; 0     ;
+----------------------------------------------+-------+


+-------------------------------------------------------------------------------------------------------------------------------------------------------------------------------------------------------------------------------------------------------------------------------------------------------------------------------------------+
; Inverted Register Statistics                                                                                                                                                                                                                                                                                                              ;
+---------------------------------------------------------------------------------------------------------------------------------------------------------------------------------------------------------------------------------------------------------------------------------------------------------------------------------+---------+
; Inverted Register                                                                                                                                                                                                                                                                                                               ; Fan out ;
+---------------------------------------------------------------------------------------------------------------------------------------------------------------------------------------------------------------------------------------------------------------------------------------------------------------------------------+---------+
; sld_hub:auto_hub|alt_sld_fab_with_jtag_input:\instrumentation_fabric_with_node_gen:fabric_gen_new_way:with_jtag_input_gen:instrumentation_fabric|alt_sld_fab:instrumentation_fabric|alt_sld_fab_alt_sld_fab:alt_sld_fab|alt_sld_fab_alt_sld_fab_sldfabric:sldfabric|sld_jtag_hub:\jtag_hub_gen:real_sld_jtag_hub|jtag_ir_reg[1] ; 3       ;
; sld_hub:auto_hub|alt_sld_fab_with_jtag_input:\instrumentation_fabric_with_node_gen:fabric_gen_new_way:with_jtag_input_gen:instrumentation_fabric|alt_sld_fab:instrumentation_fabric|alt_sld_fab_alt_sld_fab:alt_sld_fab|alt_sld_fab_alt_sld_fab_sldfabric:sldfabric|sld_jtag_hub:\jtag_hub_gen:real_sld_jtag_hub|jtag_ir_reg[2] ; 3       ;
; sld_signaltap:auto_signaltap_0|sld_signaltap_impl:sld_signaltap_body|sld_signaltap_implb:sld_signaltap_body|sld_buffer_manager:sld_buffer_manager_inst|modified_post_count[15]                                                                                                                                                  ; 1       ;
; sld_signaltap:auto_signaltap_0|sld_signaltap_impl:sld_signaltap_body|sld_signaltap_implb:sld_signaltap_body|sld_buffer_manager:sld_buffer_manager_inst|modified_post_count[16]                                                                                                                                                  ; 1       ;
; sld_signaltap:auto_signaltap_0|sld_signaltap_impl:sld_signaltap_body|sld_signaltap_implb:sld_signaltap_body|sld_buffer_manager:sld_buffer_manager_inst|modified_post_count[17]                                                                                                                                                  ; 1       ;
; sld_signaltap:auto_signaltap_0|sld_signaltap_impl:sld_signaltap_body|sld_signaltap_implb:sld_signaltap_body|sld_buffer_manager:sld_buffer_manager_inst|modified_post_count[12]                                                                                                                                                  ; 1       ;
; sld_signaltap:auto_signaltap_0|sld_signaltap_impl:sld_signaltap_body|sld_signaltap_implb:sld_signaltap_body|sld_buffer_manager:sld_buffer_manager_inst|modified_post_count[13]                                                                                                                                                  ; 1       ;
; sld_signaltap:auto_signaltap_0|sld_signaltap_impl:sld_signaltap_body|sld_signaltap_implb:sld_signaltap_body|sld_buffer_manager:sld_buffer_manager_inst|modified_post_count[14]                                                                                                                                                  ; 1       ;
; sld_signaltap:auto_signaltap_0|sld_signaltap_impl:sld_signaltap_body|sld_signaltap_implb:sld_signaltap_body|sld_buffer_manager:sld_buffer_manager_inst|modified_post_count[9]                                                                                                                                                   ; 1       ;
; sld_signaltap:auto_signaltap_0|sld_signaltap_impl:sld_signaltap_body|sld_signaltap_implb:sld_signaltap_body|sld_buffer_manager:sld_buffer_manager_inst|modified_post_count[10]                                                                                                                                                  ; 1       ;
; sld_signaltap:auto_signaltap_0|sld_signaltap_impl:sld_signaltap_body|sld_signaltap_implb:sld_signaltap_body|sld_buffer_manager:sld_buffer_manager_inst|modified_post_count[11]                                                                                                                                                  ; 1       ;
; sld_signaltap:auto_signaltap_0|sld_signaltap_impl:sld_signaltap_body|sld_signaltap_implb:sld_signaltap_body|sld_buffer_manager:sld_buffer_manager_inst|modified_post_count[6]                                                                                                                                                   ; 1       ;
; sld_signaltap:auto_signaltap_0|sld_signaltap_impl:sld_signaltap_body|sld_signaltap_implb:sld_signaltap_body|sld_buffer_manager:sld_buffer_manager_inst|modified_post_count[7]                                                                                                                                                   ; 1       ;
; sld_signaltap:auto_signaltap_0|sld_signaltap_impl:sld_signaltap_body|sld_signaltap_implb:sld_signaltap_body|sld_buffer_manager:sld_buffer_manager_inst|modified_post_count[8]                                                                                                                                                   ; 1       ;
; sld_signaltap:auto_signaltap_0|sld_signaltap_impl:sld_signaltap_body|sld_signaltap_implb:sld_signaltap_body|sld_buffer_manager:sld_buffer_manager_inst|modified_post_count[0]                                                                                                                                                   ; 1       ;
; sld_signaltap:auto_signaltap_0|sld_signaltap_impl:sld_signaltap_body|sld_signaltap_implb:sld_signaltap_body|sld_buffer_manager:sld_buffer_manager_inst|modified_post_count[1]                                                                                                                                                   ; 1       ;
; sld_signaltap:auto_signaltap_0|sld_signaltap_impl:sld_signaltap_body|sld_signaltap_implb:sld_signaltap_body|sld_buffer_manager:sld_buffer_manager_inst|modified_post_count[2]                                                                                                                                                   ; 1       ;
; sld_signaltap:auto_signaltap_0|sld_signaltap_impl:sld_signaltap_body|sld_signaltap_implb:sld_signaltap_body|sld_buffer_manager:sld_buffer_manager_inst|modified_post_count[3]                                                                                                                                                   ; 1       ;
; sld_signaltap:auto_signaltap_0|sld_signaltap_impl:sld_signaltap_body|sld_signaltap_implb:sld_signaltap_body|sld_buffer_manager:sld_buffer_manager_inst|modified_post_count[4]                                                                                                                                                   ; 1       ;
; sld_signaltap:auto_signaltap_0|sld_signaltap_impl:sld_signaltap_body|sld_signaltap_implb:sld_signaltap_body|sld_buffer_manager:sld_buffer_manager_inst|modified_post_count[5]                                                                                                                                                   ; 1       ;
; Total number of inverted registers = 20                                                                                                                                                                                                                                                                                         ;         ;
+---------------------------------------------------------------------------------------------------------------------------------------------------------------------------------------------------------------------------------------------------------------------------------------------------------------------------------+---------+


+---------------------------------------------------------------------------------------------------------------------------------------------------------+
; Multiplexer Restructuring Statistics (Restructuring Performed)                                                                                          ;
+--------------------+-----------+---------------+----------------------+------------------------+------------+-------------------------------------------+
; Multiplexer Inputs ; Bus Width ; Baseline Area ; Area if Restructured ; Saving if Restructured ; Registered ; Example Multiplexer Output                ;
+--------------------+-----------+---------------+----------------------+------------------------+------------+-------------------------------------------+
; 3:1                ; 5642 bits ; 11284 LEs     ; 0 LEs                ; 11284 LEs              ; Yes        ; |LightBoard|packet:sendpacket|sends[5078] ;
; 4:1                ; 10 bits   ; 20 LEs        ; 0 LEs                ; 20 LEs                 ; Yes        ; |LightBoard|fade:fade5|tp[1]              ;
; 4:1                ; 23 bits   ; 46 LEs        ; 0 LEs                ; 46 LEs                 ; Yes        ; |LightBoard|fade:fade5|count[2]           ;
; 4:1                ; 10 bits   ; 20 LEs        ; 0 LEs                ; 20 LEs                 ; Yes        ; |LightBoard|fade:fade4|tp[4]              ;
; 4:1                ; 23 bits   ; 46 LEs        ; 0 LEs                ; 46 LEs                 ; Yes        ; |LightBoard|fade:fade4|count[2]           ;
; 4:1                ; 10 bits   ; 20 LEs        ; 0 LEs                ; 20 LEs                 ; Yes        ; |LightBoard|fade:fade3|tp[2]              ;
; 4:1                ; 23 bits   ; 46 LEs        ; 0 LEs                ; 46 LEs                 ; Yes        ; |LightBoard|fade:fade3|count[16]          ;
; 4:1                ; 10 bits   ; 20 LEs        ; 0 LEs                ; 20 LEs                 ; Yes        ; |LightBoard|fade:fade2|tp[5]              ;
; 4:1                ; 23 bits   ; 46 LEs        ; 0 LEs                ; 46 LEs                 ; Yes        ; |LightBoard|fade:fade2|count[22]          ;
; 4:1                ; 10 bits   ; 20 LEs        ; 0 LEs                ; 20 LEs                 ; Yes        ; |LightBoard|fade:fade1|tp[9]              ;
; 4:1                ; 23 bits   ; 46 LEs        ; 0 LEs                ; 46 LEs                 ; Yes        ; |LightBoard|fade:fade1|count[6]           ;
; 5:1                ; 8 bits    ; 24 LEs        ; 16 LEs               ; 8 LEs                  ; Yes        ; |LightBoard|fade:fade5|newM[3]            ;
; 5:1                ; 8 bits    ; 24 LEs        ; 16 LEs               ; 8 LEs                  ; Yes        ; |LightBoard|fade:fade4|newM[7]            ;
; 5:1                ; 8 bits    ; 24 LEs        ; 16 LEs               ; 8 LEs                  ; Yes        ; |LightBoard|fade:fade3|newM[7]            ;
; 5:1                ; 8 bits    ; 24 LEs        ; 16 LEs               ; 8 LEs                  ; Yes        ; |LightBoard|fade:fade2|newM[1]            ;
; 5:1                ; 8 bits    ; 24 LEs        ; 16 LEs               ; 8 LEs                  ; Yes        ; |LightBoard|fade:fade1|newM[2]            ;
; 5:1                ; 23 bits   ; 69 LEs        ; 0 LEs                ; 69 LEs                 ; Yes        ; |LightBoard|packet:sendpacket|count[20]   ;
; 4:1                ; 10 bits   ; 20 LEs        ; 0 LEs                ; 20 LEs                 ; Yes        ; |LightBoard|t4[4]                         ;
; 4:1                ; 42 bits   ; 84 LEs        ; 42 LEs               ; 42 LEs                 ; Yes        ; |LightBoard|q4[26]                        ;
; 4:1                ; 10 bits   ; 20 LEs        ; 0 LEs                ; 20 LEs                 ; Yes        ; |LightBoard|t3[5]                         ;
; 4:1                ; 42 bits   ; 84 LEs        ; 42 LEs               ; 42 LEs                 ; Yes        ; |LightBoard|q3[34]                        ;
; 4:1                ; 10 bits   ; 20 LEs        ; 0 LEs                ; 20 LEs                 ; Yes        ; |LightBoard|t2[7]                         ;
; 4:1                ; 42 bits   ; 84 LEs        ; 42 LEs               ; 42 LEs                 ; Yes        ; |LightBoard|q2[59]                        ;
; 4:1                ; 10 bits   ; 20 LEs        ; 0 LEs                ; 20 LEs                 ; Yes        ; |LightBoard|t1[1]                         ;
; 4:1                ; 42 bits   ; 84 LEs        ; 42 LEs               ; 42 LEs                 ; Yes        ; |LightBoard|q1[1000]                      ;
; 4:1                ; 10 bits   ; 20 LEs        ; 0 LEs                ; 20 LEs                 ; Yes        ; |LightBoard|t0[9]                         ;
; 4:1                ; 42 bits   ; 84 LEs        ; 42 LEs               ; 42 LEs                 ; Yes        ; |LightBoard|q0[37]                        ;
; 13:1               ; 2 bits    ; 16 LEs        ; 8 LEs                ; 8 LEs                  ; Yes        ; |LightBoard|data[1000]                    ;
; 18:1               ; 10 bits   ; 120 LEs       ; 20 LEs               ; 100 LEs                ; Yes        ; |LightBoard|t[2]                          ;
; 16:1               ; 8 bits    ; 80 LEs        ; 48 LEs               ; 32 LEs                 ; Yes        ; |LightBoard|data[63]                      ;
; 16:1               ; 8 bits    ; 80 LEs        ; 48 LEs               ; 32 LEs                 ; Yes        ; |LightBoard|data[47]                      ;
; 16:1               ; 8 bits    ; 80 LEs        ; 48 LEs               ; 32 LEs                 ; Yes        ; |LightBoard|data[34]                      ;
; 16:1               ; 8 bits    ; 80 LEs        ; 48 LEs               ; 32 LEs                 ; Yes        ; |LightBoard|data[25]                      ;
; 16:1               ; 8 bits    ; 80 LEs        ; 48 LEs               ; 32 LEs                 ; Yes        ; |LightBoard|data[16]                      ;
; 26:1               ; 40 bits   ; 680 LEs       ; 80 LEs               ; 600 LEs                ; Yes        ; |LightBoard|qn[13]                        ;
; 3:1                ; 2 bits    ; 4 LEs         ; 4 LEs                ; 0 LEs                  ; No         ; |LightBoard|fade:fade5|NS.DVAL            ;
; 3:1                ; 2 bits    ; 4 LEs         ; 4 LEs                ; 0 LEs                  ; No         ; |LightBoard|fade:fade4|NS.DVAL            ;
; 3:1                ; 2 bits    ; 4 LEs         ; 4 LEs                ; 0 LEs                  ; No         ; |LightBoard|fade:fade3|NS.DPACK           ;
; 3:1                ; 2 bits    ; 4 LEs         ; 4 LEs                ; 0 LEs                  ; No         ; |LightBoard|fade:fade2|NS.DVAL            ;
; 3:1                ; 2 bits    ; 4 LEs         ; 4 LEs                ; 0 LEs                  ; No         ; |LightBoard|fade:fade1|NS.DVAL            ;
+--------------------+-----------+---------------+----------------------+------------------------+------------+-------------------------------------------+


+-------------------------------------------------------+
; Source assignments for sld_signaltap:auto_signaltap_0 ;
+-----------------+-------+------+----------------------+
; Assignment      ; Value ; From ; To                   ;
+-----------------+-------+------+----------------------+
; MESSAGE_DISABLE ; 13410 ; -    ; -                    ;
+-----------------+-------+------+----------------------+


+----------------------------------------------------------------------------+
; Parameter Settings for User Entity Instance: Top-level Entity: |LightBoard ;
+----------------+-------+---------------------------------------------------+
; Parameter Name ; Value ; Type                                              ;
+----------------+-------+---------------------------------------------------+
; HOME           ; 00000 ; Unsigned Binary                                   ;
; ADDRX          ; 00001 ; Unsigned Binary                                   ;
; ADDR           ; 00010 ; Unsigned Binary                                   ;
; VALX           ; 00011 ; Unsigned Binary                                   ;
; VAL            ; 00100 ; Unsigned Binary                                   ;
; RECAX          ; 00101 ; Unsigned Binary                                   ;
; RECA           ; 00110 ; Unsigned Binary                                   ;
; QNUMX          ; 00111 ; Unsigned Binary                                   ;
; QNUM           ; 01000 ; Unsigned Binary                                   ;
; TIMEX          ; 01001 ; Unsigned Binary                                   ;
; TIME           ; 01010 ; Unsigned Binary                                   ;
; RECQX          ; 01011 ; Unsigned Binary                                   ;
; RECQ           ; 01100 ; Unsigned Binary                                   ;
; QGOX           ; 01101 ; Unsigned Binary                                   ;
; QGO            ; 01110 ; Unsigned Binary                                   ;
; SETX           ; 01111 ; Unsigned Binary                                   ;
; SET            ; 10000 ; Unsigned Binary                                   ;
; DEFSHIFT       ; 10001 ; Unsigned Binary                                   ;
; FADEWAIT       ; 10010 ; Unsigned Binary                                   ;
; FADEDONE       ; 10011 ; Unsigned Binary                                   ;
; INIT           ; 11111 ; Unsigned Binary                                   ;
; ERROR          ; 11111 ; Unsigned Binary                                   ;
+----------------+-------+---------------------------------------------------+
Note: In order to hide this table in the UI and the text report file, please set the "Show Parameter Settings in Synthesis Report" option in "Analysis and Synthesis Settings -> More Settings" to "Off".


+----------------------------------------------------------------+
; Parameter Settings for User Entity Instance: packet:sendpacket ;
+----------------+-------+---------------------------------------+
; Parameter Name ; Value ; Type                                  ;
+----------------+-------+---------------------------------------+
; BREAK          ; 000   ; Unsigned Binary                       ;
; START          ; 001   ; Unsigned Binary                       ;
; MARK           ; 010   ; Unsigned Binary                       ;
; DATA           ; 011   ; Unsigned Binary                       ;
; NEXT           ; 100   ; Unsigned Binary                       ;
; WAIT           ; 101   ; Unsigned Binary                       ;
; RESET          ; 110   ; Unsigned Binary                       ;
+----------------+-------+---------------------------------------+
Note: In order to hide this table in the UI and the text report file, please set the "Show Parameter Settings in Synthesis Report" option in "Analysis and Synthesis Settings -> More Settings" to "Off".


+---------------------------------------------------------+
; Parameter Settings for User Entity Instance: fade:fade1 ;
+----------------+-------+--------------------------------+
; Parameter Name ; Value ; Type                           ;
+----------------+-------+--------------------------------+
; START          ; 0000  ; Unsigned Binary                ;
; SHIFT          ; 0001  ; Unsigned Binary                ;
; DVAL           ; 0010  ; Unsigned Binary                ;
; DVALGO         ; 0011  ; Unsigned Binary                ;
; WAITDVAL       ; 0100  ; Unsigned Binary                ;
; DPACK          ; 0101  ; Unsigned Binary                ;
; DPACKGO        ; 0110  ; Unsigned Binary                ;
; WAITDPACK      ; 0111  ; Unsigned Binary                ;
; PACKWAIT       ; 1000  ; Unsigned Binary                ;
; DONE           ; 1001  ; Unsigned Binary                ;
+----------------+-------+--------------------------------+
Note: In order to hide this table in the UI and the text report file, please set the "Show Parameter Settings in Synthesis Report" option in "Analysis and Synthesis Settings -> More Settings" to "Off".


+---------------------------------------------------------+
; Parameter Settings for User Entity Instance: fade:fade2 ;
+----------------+-------+--------------------------------+
; Parameter Name ; Value ; Type                           ;
+----------------+-------+--------------------------------+
; START          ; 0000  ; Unsigned Binary                ;
; SHIFT          ; 0001  ; Unsigned Binary                ;
; DVAL           ; 0010  ; Unsigned Binary                ;
; DVALGO         ; 0011  ; Unsigned Binary                ;
; WAITDVAL       ; 0100  ; Unsigned Binary                ;
; DPACK          ; 0101  ; Unsigned Binary                ;
; DPACKGO        ; 0110  ; Unsigned Binary                ;
; WAITDPACK      ; 0111  ; Unsigned Binary                ;
; PACKWAIT       ; 1000  ; Unsigned Binary                ;
; DONE           ; 1001  ; Unsigned Binary                ;
+----------------+-------+--------------------------------+
Note: In order to hide this table in the UI and the text report file, please set the "Show Parameter Settings in Synthesis Report" option in "Analysis and Synthesis Settings -> More Settings" to "Off".


+---------------------------------------------------------+
; Parameter Settings for User Entity Instance: fade:fade3 ;
+----------------+-------+--------------------------------+
; Parameter Name ; Value ; Type                           ;
+----------------+-------+--------------------------------+
; START          ; 0000  ; Unsigned Binary                ;
; SHIFT          ; 0001  ; Unsigned Binary                ;
; DVAL           ; 0010  ; Unsigned Binary                ;
; DVALGO         ; 0011  ; Unsigned Binary                ;
; WAITDVAL       ; 0100  ; Unsigned Binary                ;
; DPACK          ; 0101  ; Unsigned Binary                ;
; DPACKGO        ; 0110  ; Unsigned Binary                ;
; WAITDPACK      ; 0111  ; Unsigned Binary                ;
; PACKWAIT       ; 1000  ; Unsigned Binary                ;
; DONE           ; 1001  ; Unsigned Binary                ;
+----------------+-------+--------------------------------+
Note: In order to hide this table in the UI and the text report file, please set the "Show Parameter Settings in Synthesis Report" option in "Analysis and Synthesis Settings -> More Settings" to "Off".


+---------------------------------------------------------+
; Parameter Settings for User Entity Instance: fade:fade4 ;
+----------------+-------+--------------------------------+
; Parameter Name ; Value ; Type                           ;
+----------------+-------+--------------------------------+
; START          ; 0000  ; Unsigned Binary                ;
; SHIFT          ; 0001  ; Unsigned Binary                ;
; DVAL           ; 0010  ; Unsigned Binary                ;
; DVALGO         ; 0011  ; Unsigned Binary                ;
; WAITDVAL       ; 0100  ; Unsigned Binary                ;
; DPACK          ; 0101  ; Unsigned Binary                ;
; DPACKGO        ; 0110  ; Unsigned Binary                ;
; WAITDPACK      ; 0111  ; Unsigned Binary                ;
; PACKWAIT       ; 1000  ; Unsigned Binary                ;
; DONE           ; 1001  ; Unsigned Binary                ;
+----------------+-------+--------------------------------+
Note: In order to hide this table in the UI and the text report file, please set the "Show Parameter Settings in Synthesis Report" option in "Analysis and Synthesis Settings -> More Settings" to "Off".


+---------------------------------------------------------+
; Parameter Settings for User Entity Instance: fade:fade5 ;
+----------------+-------+--------------------------------+
; Parameter Name ; Value ; Type                           ;
+----------------+-------+--------------------------------+
; START          ; 0000  ; Unsigned Binary                ;
; SHIFT          ; 0001  ; Unsigned Binary                ;
; DVAL           ; 0010  ; Unsigned Binary                ;
; DVALGO         ; 0011  ; Unsigned Binary                ;
; WAITDVAL       ; 0100  ; Unsigned Binary                ;
; DPACK          ; 0101  ; Unsigned Binary                ;
; DPACKGO        ; 0110  ; Unsigned Binary                ;
; WAITDPACK      ; 0111  ; Unsigned Binary                ;
; PACKWAIT       ; 1000  ; Unsigned Binary                ;
; DONE           ; 1001  ; Unsigned Binary                ;
+----------------+-------+--------------------------------+
Note: In order to hide this table in the UI and the text report file, please set the "Show Parameter Settings in Synthesis Report" option in "Analysis and Synthesis Settings -> More Settings" to "Off".


+-------------------------------------------------------------------------------------------------------+
; Parameter Settings for Inferred Entity Instance: sld_signaltap:auto_signaltap_0                       ;
+-------------------------------------------------+------------------------------------+----------------+
; Parameter Name                                  ; Value                              ; Type           ;
+-------------------------------------------------+------------------------------------+----------------+
; lpm_type                                        ; sld_signaltap                      ; String         ;
; sld_node_info                                   ; 805334528                          ; Untyped        ;
; SLD_SECTION_ID                                  ; hdl_signaltap_0                    ; String         ;
; SLD_IP_VERSION                                  ; 6                                  ; Signed Integer ;
; SLD_IP_MINOR_VERSION                            ; 0                                  ; Signed Integer ;
; SLD_COMMON_IP_VERSION                           ; 0                                  ; Signed Integer ;
; sld_data_bits                                   ; 1                                  ; Untyped        ;
; sld_trigger_bits                                ; 1                                  ; Untyped        ;
; SLD_NODE_CRC_BITS                               ; 32                                 ; Signed Integer ;
; SLD_NODE_CRC_HIWORD                             ; 41394                              ; Signed Integer ;
; SLD_NODE_CRC_LOWORD                             ; 50132                              ; Signed Integer ;
; sld_incremental_routing                         ; 1                                  ; Untyped        ;
; sld_sample_depth                                ; 131072                             ; Untyped        ;
; sld_segment_size                                ; 131072                             ; Untyped        ;
; sld_ram_block_type                              ; AUTO                               ; Untyped        ;
; sld_state_bits                                  ; 11                                 ; Untyped        ;
; sld_buffer_full_stop                            ; 1                                  ; Untyped        ;
; SLD_MEM_ADDRESS_BITS                            ; 7                                  ; Signed Integer ;
; SLD_DATA_BIT_CNTR_BITS                          ; 4                                  ; Signed Integer ;
; sld_trigger_level                               ; 1                                  ; Untyped        ;
; sld_trigger_in_enabled                          ; 0                                  ; Untyped        ;
; SLD_HPS_TRIGGER_IN_ENABLED                      ; 0                                  ; Signed Integer ;
; SLD_HPS_TRIGGER_OUT_ENABLED                     ; 0                                  ; Signed Integer ;
; SLD_HPS_EVENT_ENABLED                           ; 0                                  ; Signed Integer ;
; SLD_HPS_EVENT_ID                                ; 0                                  ; Signed Integer ;
; sld_advanced_trigger_entity                     ; basic,1,                           ; Untyped        ;
; sld_trigger_level_pipeline                      ; 1                                  ; Untyped        ;
; sld_trigger_pipeline                            ; 0                                  ; Untyped        ;
; sld_ram_pipeline                                ; 0                                  ; Untyped        ;
; sld_counter_pipeline                            ; 0                                  ; Untyped        ;
; sld_enable_advanced_trigger                     ; 0                                  ; Untyped        ;
; SLD_ADVANCED_TRIGGER_1                          ; NONE                               ; String         ;
; SLD_ADVANCED_TRIGGER_2                          ; NONE                               ; String         ;
; SLD_ADVANCED_TRIGGER_3                          ; NONE                               ; String         ;
; SLD_ADVANCED_TRIGGER_4                          ; NONE                               ; String         ;
; SLD_ADVANCED_TRIGGER_5                          ; NONE                               ; String         ;
; SLD_ADVANCED_TRIGGER_6                          ; NONE                               ; String         ;
; SLD_ADVANCED_TRIGGER_7                          ; NONE                               ; String         ;
; SLD_ADVANCED_TRIGGER_8                          ; NONE                               ; String         ;
; SLD_ADVANCED_TRIGGER_9                          ; NONE                               ; String         ;
; SLD_ADVANCED_TRIGGER_10                         ; NONE                               ; String         ;
; sld_inversion_mask_length                       ; 34                                 ; Untyped        ;
; sld_inversion_mask                              ; 0000000000000000000000000000000000 ; Untyped        ;
; sld_power_up_trigger                            ; 0                                  ; Untyped        ;
; SLD_STATE_FLOW_MGR_ENTITY                       ; state_flow_mgr_entity.vhd          ; String         ;
; sld_state_flow_use_generated                    ; 0                                  ; Untyped        ;
; sld_current_resource_width                      ; 1                                  ; Untyped        ;
; sld_attribute_mem_mode                          ; OFF                                ; Untyped        ;
; sld_storage_qualifier_bits                      ; 1                                  ; Untyped        ;
; SLD_STORAGE_QUALIFIER_GAP_RECORD                ; 0                                  ; Signed Integer ;
; SLD_STORAGE_QUALIFIER_MODE                      ; OFF                                ; String         ;
; SLD_STORAGE_QUALIFIER_ENABLE_ADVANCED_CONDITION ; 0                                  ; Signed Integer ;
; sld_storage_qualifier_inversion_mask_length     ; 0                                  ; Untyped        ;
; SLD_STORAGE_QUALIFIER_ADVANCED_CONDITION_ENTITY ; basic                              ; String         ;
; SLD_STORAGE_QUALIFIER_PIPELINE                  ; 0                                  ; Signed Integer ;
; SLD_CREATE_MONITOR_INTERFACE                    ; 0                                  ; Signed Integer ;
; SLD_USE_JTAG_SIGNAL_ADAPTER                     ; 1                                  ; Signed Integer ;
+-------------------------------------------------+------------------------------------+----------------+
Note: In order to hide this table in the UI and the text report file, please set the "Show Parameter Settings in Synthesis Report" option in "Analysis and Synthesis Settings -> More Settings" to "Off".


+------------------------------------------------------------------+
; Parameter Settings for Inferred Entity Instance: lpm_divide:Div1 ;
+------------------------+----------------+------------------------+
; Parameter Name         ; Value          ; Type                   ;
+------------------------+----------------+------------------------+
; LPM_WIDTHN             ; 8              ; Untyped                ;
; LPM_WIDTHD             ; 7              ; Untyped                ;
; LPM_NREPRESENTATION    ; UNSIGNED       ; Untyped                ;
; LPM_DREPRESENTATION    ; UNSIGNED       ; Untyped                ;
; LPM_PIPELINE           ; 0              ; Untyped                ;
; LPM_REMAINDERPOSITIVE  ; TRUE           ; Untyped                ;
; MAXIMIZE_SPEED         ; 5              ; Untyped                ;
; CBXI_PARAMETER         ; lpm_divide_8am ; Untyped                ;
; CARRY_CHAIN            ; MANUAL         ; Untyped                ;
; OPTIMIZE_FOR_SPEED     ; 5              ; Untyped                ;
; AUTO_CARRY_CHAINS      ; ON             ; AUTO_CARRY             ;
; IGNORE_CARRY_BUFFERS   ; OFF            ; IGNORE_CARRY           ;
; AUTO_CASCADE_CHAINS    ; ON             ; AUTO_CASCADE           ;
; IGNORE_CASCADE_BUFFERS ; OFF            ; IGNORE_CASCADE         ;
+------------------------+----------------+------------------------+
Note: In order to hide this table in the UI and the text report file, please set the "Show Parameter Settings in Synthesis Report" option in "Analysis and Synthesis Settings -> More Settings" to "Off".


+------------------------------------------------------------------+
; Parameter Settings for Inferred Entity Instance: lpm_divide:Div0 ;
+------------------------+----------------+------------------------+
; Parameter Name         ; Value          ; Type                   ;
+------------------------+----------------+------------------------+
; LPM_WIDTHN             ; 8              ; Untyped                ;
; LPM_WIDTHD             ; 4              ; Untyped                ;
; LPM_NREPRESENTATION    ; UNSIGNED       ; Untyped                ;
; LPM_DREPRESENTATION    ; UNSIGNED       ; Untyped                ;
; LPM_PIPELINE           ; 0              ; Untyped                ;
; LPM_REMAINDERPOSITIVE  ; TRUE           ; Untyped                ;
; MAXIMIZE_SPEED         ; 5              ; Untyped                ;
; CBXI_PARAMETER         ; lpm_divide_5am ; Untyped                ;
; CARRY_CHAIN            ; MANUAL         ; Untyped                ;
; OPTIMIZE_FOR_SPEED     ; 5              ; Untyped                ;
; AUTO_CARRY_CHAINS      ; ON             ; AUTO_CARRY             ;
; IGNORE_CARRY_BUFFERS   ; OFF            ; IGNORE_CARRY           ;
; AUTO_CASCADE_CHAINS    ; ON             ; AUTO_CASCADE           ;
; IGNORE_CASCADE_BUFFERS ; OFF            ; IGNORE_CASCADE         ;
+------------------------+----------------+------------------------+
Note: In order to hide this table in the UI and the text report file, please set the "Show Parameter Settings in Synthesis Report" option in "Analysis and Synthesis Settings -> More Settings" to "Off".


+------------------------------------------------------------------+
; Parameter Settings for Inferred Entity Instance: lpm_divide:Mod1 ;
+------------------------+----------------+------------------------+
; Parameter Name         ; Value          ; Type                   ;
+------------------------+----------------+------------------------+
; LPM_WIDTHN             ; 8              ; Untyped                ;
; LPM_WIDTHD             ; 4              ; Untyped                ;
; LPM_NREPRESENTATION    ; UNSIGNED       ; Untyped                ;
; LPM_DREPRESENTATION    ; UNSIGNED       ; Untyped                ;
; LPM_PIPELINE           ; 0              ; Untyped                ;
; LPM_REMAINDERPOSITIVE  ; TRUE           ; Untyped                ;
; MAXIMIZE_SPEED         ; 5              ; Untyped                ;
; CBXI_PARAMETER         ; lpm_divide_82m ; Untyped                ;
; CARRY_CHAIN            ; MANUAL         ; Untyped                ;
; OPTIMIZE_FOR_SPEED     ; 5              ; Untyped                ;
; AUTO_CARRY_CHAINS      ; ON             ; AUTO_CARRY             ;
; IGNORE_CARRY_BUFFERS   ; OFF            ; IGNORE_CARRY           ;
; AUTO_CASCADE_CHAINS    ; ON             ; AUTO_CASCADE           ;
; IGNORE_CASCADE_BUFFERS ; OFF            ; IGNORE_CASCADE         ;
+------------------------+----------------+------------------------+
Note: In order to hide this table in the UI and the text report file, please set the "Show Parameter Settings in Synthesis Report" option in "Analysis and Synthesis Settings -> More Settings" to "Off".


+------------------------------------------------------------------+
; Parameter Settings for Inferred Entity Instance: lpm_divide:Mod0 ;
+------------------------+----------------+------------------------+
; Parameter Name         ; Value          ; Type                   ;
+------------------------+----------------+------------------------+
; LPM_WIDTHN             ; 8              ; Untyped                ;
; LPM_WIDTHD             ; 4              ; Untyped                ;
; LPM_NREPRESENTATION    ; UNSIGNED       ; Untyped                ;
; LPM_DREPRESENTATION    ; UNSIGNED       ; Untyped                ;
; LPM_PIPELINE           ; 0              ; Untyped                ;
; LPM_REMAINDERPOSITIVE  ; TRUE           ; Untyped                ;
; MAXIMIZE_SPEED         ; 5              ; Untyped                ;
; CBXI_PARAMETER         ; lpm_divide_82m ; Untyped                ;
; CARRY_CHAIN            ; MANUAL         ; Untyped                ;
; OPTIMIZE_FOR_SPEED     ; 5              ; Untyped                ;
; AUTO_CARRY_CHAINS      ; ON             ; AUTO_CARRY             ;
; IGNORE_CARRY_BUFFERS   ; OFF            ; IGNORE_CARRY           ;
; AUTO_CASCADE_CHAINS    ; ON             ; AUTO_CASCADE           ;
; IGNORE_CASCADE_BUFFERS ; OFF            ; IGNORE_CASCADE         ;
+------------------------+----------------+------------------------+
Note: In order to hide this table in the UI and the text report file, please set the "Show Parameter Settings in Synthesis Report" option in "Analysis and Synthesis Settings -> More Settings" to "Off".


+-----------------------------------------------------------------------------+
; Parameter Settings for Inferred Entity Instance: fade:fade1|lpm_divide:Div1 ;
+------------------------+----------------+-----------------------------------+
; Parameter Name         ; Value          ; Type                              ;
+------------------------+----------------+-----------------------------------+
; LPM_WIDTHN             ; 10             ; Untyped                           ;
; LPM_WIDTHD             ; 8              ; Untyped                           ;
; LPM_NREPRESENTATION    ; UNSIGNED       ; Untyped                           ;
; LPM_DREPRESENTATION    ; UNSIGNED       ; Untyped                           ;
; LPM_PIPELINE           ; 0              ; Untyped                           ;
; LPM_REMAINDERPOSITIVE  ; TRUE           ; Untyped                           ;
; MAXIMIZE_SPEED         ; 5              ; Untyped                           ;
; CBXI_PARAMETER         ; lpm_divide_ibm ; Untyped                           ;
; CARRY_CHAIN            ; MANUAL         ; Untyped                           ;
; OPTIMIZE_FOR_SPEED     ; 5              ; Untyped                           ;
; AUTO_CARRY_CHAINS      ; ON             ; AUTO_CARRY                        ;
; IGNORE_CARRY_BUFFERS   ; OFF            ; IGNORE_CARRY                      ;
; AUTO_CASCADE_CHAINS    ; ON             ; AUTO_CASCADE                      ;
; IGNORE_CASCADE_BUFFERS ; OFF            ; IGNORE_CASCADE                    ;
+------------------------+----------------+-----------------------------------+
Note: In order to hide this table in the UI and the text report file, please set the "Show Parameter Settings in Synthesis Report" option in "Analysis and Synthesis Settings -> More Settings" to "Off".


+-----------------------------------------------------------------------------+
; Parameter Settings for Inferred Entity Instance: fade:fade2|lpm_divide:Div1 ;
+------------------------+----------------+-----------------------------------+
; Parameter Name         ; Value          ; Type                              ;
+------------------------+----------------+-----------------------------------+
; LPM_WIDTHN             ; 10             ; Untyped                           ;
; LPM_WIDTHD             ; 8              ; Untyped                           ;
; LPM_NREPRESENTATION    ; UNSIGNED       ; Untyped                           ;
; LPM_DREPRESENTATION    ; UNSIGNED       ; Untyped                           ;
; LPM_PIPELINE           ; 0              ; Untyped                           ;
; LPM_REMAINDERPOSITIVE  ; TRUE           ; Untyped                           ;
; MAXIMIZE_SPEED         ; 5              ; Untyped                           ;
; CBXI_PARAMETER         ; lpm_divide_ibm ; Untyped                           ;
; CARRY_CHAIN            ; MANUAL         ; Untyped                           ;
; OPTIMIZE_FOR_SPEED     ; 5              ; Untyped                           ;
; AUTO_CARRY_CHAINS      ; ON             ; AUTO_CARRY                        ;
; IGNORE_CARRY_BUFFERS   ; OFF            ; IGNORE_CARRY                      ;
; AUTO_CASCADE_CHAINS    ; ON             ; AUTO_CASCADE                      ;
; IGNORE_CASCADE_BUFFERS ; OFF            ; IGNORE_CASCADE                    ;
+------------------------+----------------+-----------------------------------+
Note: In order to hide this table in the UI and the text report file, please set the "Show Parameter Settings in Synthesis Report" option in "Analysis and Synthesis Settings -> More Settings" to "Off".


+-----------------------------------------------------------------------------+
; Parameter Settings for Inferred Entity Instance: fade:fade3|lpm_divide:Div1 ;
+------------------------+----------------+-----------------------------------+
; Parameter Name         ; Value          ; Type                              ;
+------------------------+----------------+-----------------------------------+
; LPM_WIDTHN             ; 10             ; Untyped                           ;
; LPM_WIDTHD             ; 8              ; Untyped                           ;
; LPM_NREPRESENTATION    ; UNSIGNED       ; Untyped                           ;
; LPM_DREPRESENTATION    ; UNSIGNED       ; Untyped                           ;
; LPM_PIPELINE           ; 0              ; Untyped                           ;
; LPM_REMAINDERPOSITIVE  ; TRUE           ; Untyped                           ;
; MAXIMIZE_SPEED         ; 5              ; Untyped                           ;
; CBXI_PARAMETER         ; lpm_divide_ibm ; Untyped                           ;
; CARRY_CHAIN            ; MANUAL         ; Untyped                           ;
; OPTIMIZE_FOR_SPEED     ; 5              ; Untyped                           ;
; AUTO_CARRY_CHAINS      ; ON             ; AUTO_CARRY                        ;
; IGNORE_CARRY_BUFFERS   ; OFF            ; IGNORE_CARRY                      ;
; AUTO_CASCADE_CHAINS    ; ON             ; AUTO_CASCADE                      ;
; IGNORE_CASCADE_BUFFERS ; OFF            ; IGNORE_CASCADE                    ;
+------------------------+----------------+-----------------------------------+
Note: In order to hide this table in the UI and the text report file, please set the "Show Parameter Settings in Synthesis Report" option in "Analysis and Synthesis Settings -> More Settings" to "Off".


+-----------------------------------------------------------------------------+
; Parameter Settings for Inferred Entity Instance: fade:fade4|lpm_divide:Div1 ;
+------------------------+----------------+-----------------------------------+
; Parameter Name         ; Value          ; Type                              ;
+------------------------+----------------+-----------------------------------+
; LPM_WIDTHN             ; 10             ; Untyped                           ;
; LPM_WIDTHD             ; 8              ; Untyped                           ;
; LPM_NREPRESENTATION    ; UNSIGNED       ; Untyped                           ;
; LPM_DREPRESENTATION    ; UNSIGNED       ; Untyped                           ;
; LPM_PIPELINE           ; 0              ; Untyped                           ;
; LPM_REMAINDERPOSITIVE  ; TRUE           ; Untyped                           ;
; MAXIMIZE_SPEED         ; 5              ; Untyped                           ;
; CBXI_PARAMETER         ; lpm_divide_ibm ; Untyped                           ;
; CARRY_CHAIN            ; MANUAL         ; Untyped                           ;
; OPTIMIZE_FOR_SPEED     ; 5              ; Untyped                           ;
; AUTO_CARRY_CHAINS      ; ON             ; AUTO_CARRY                        ;
; IGNORE_CARRY_BUFFERS   ; OFF            ; IGNORE_CARRY                      ;
; AUTO_CASCADE_CHAINS    ; ON             ; AUTO_CASCADE                      ;
; IGNORE_CASCADE_BUFFERS ; OFF            ; IGNORE_CASCADE                    ;
+------------------------+----------------+-----------------------------------+
Note: In order to hide this table in the UI and the text report file, please set the "Show Parameter Settings in Synthesis Report" option in "Analysis and Synthesis Settings -> More Settings" to "Off".


+-----------------------------------------------------------------------------+
; Parameter Settings for Inferred Entity Instance: fade:fade5|lpm_divide:Div1 ;
+------------------------+----------------+-----------------------------------+
; Parameter Name         ; Value          ; Type                              ;
+------------------------+----------------+-----------------------------------+
; LPM_WIDTHN             ; 10             ; Untyped                           ;
; LPM_WIDTHD             ; 8              ; Untyped                           ;
; LPM_NREPRESENTATION    ; UNSIGNED       ; Untyped                           ;
; LPM_DREPRESENTATION    ; UNSIGNED       ; Untyped                           ;
; LPM_PIPELINE           ; 0              ; Untyped                           ;
; LPM_REMAINDERPOSITIVE  ; TRUE           ; Untyped                           ;
; MAXIMIZE_SPEED         ; 5              ; Untyped                           ;
; CBXI_PARAMETER         ; lpm_divide_ibm ; Untyped                           ;
; CARRY_CHAIN            ; MANUAL         ; Untyped                           ;
; OPTIMIZE_FOR_SPEED     ; 5              ; Untyped                           ;
; AUTO_CARRY_CHAINS      ; ON             ; AUTO_CARRY                        ;
; IGNORE_CARRY_BUFFERS   ; OFF            ; IGNORE_CARRY                      ;
; AUTO_CASCADE_CHAINS    ; ON             ; AUTO_CASCADE                      ;
; IGNORE_CASCADE_BUFFERS ; OFF            ; IGNORE_CASCADE                    ;
+------------------------+----------------+-----------------------------------+
Note: In order to hide this table in the UI and the text report file, please set the "Show Parameter Settings in Synthesis Report" option in "Analysis and Synthesis Settings -> More Settings" to "Off".


+-----------------------------------------------------------------------------+
; Parameter Settings for Inferred Entity Instance: fade:fade1|lpm_divide:Div0 ;
+------------------------+----------------+-----------------------------------+
; Parameter Name         ; Value          ; Type                              ;
+------------------------+----------------+-----------------------------------+
; LPM_WIDTHN             ; 8              ; Untyped                           ;
; LPM_WIDTHD             ; 10             ; Untyped                           ;
; LPM_NREPRESENTATION    ; UNSIGNED       ; Untyped                           ;
; LPM_DREPRESENTATION    ; UNSIGNED       ; Untyped                           ;
; LPM_PIPELINE           ; 0              ; Untyped                           ;
; LPM_REMAINDERPOSITIVE  ; TRUE           ; Untyped                           ;
; MAXIMIZE_SPEED         ; 5              ; Untyped                           ;
; CBXI_PARAMETER         ; lpm_divide_jbm ; Untyped                           ;
; CARRY_CHAIN            ; MANUAL         ; Untyped                           ;
; OPTIMIZE_FOR_SPEED     ; 5              ; Untyped                           ;
; AUTO_CARRY_CHAINS      ; ON             ; AUTO_CARRY                        ;
; IGNORE_CARRY_BUFFERS   ; OFF            ; IGNORE_CARRY                      ;
; AUTO_CASCADE_CHAINS    ; ON             ; AUTO_CASCADE                      ;
; IGNORE_CASCADE_BUFFERS ; OFF            ; IGNORE_CASCADE                    ;
+------------------------+----------------+-----------------------------------+
Note: In order to hide this table in the UI and the text report file, please set the "Show Parameter Settings in Synthesis Report" option in "Analysis and Synthesis Settings -> More Settings" to "Off".


+-----------------------------------------------------------------------------+
; Parameter Settings for Inferred Entity Instance: fade:fade5|lpm_divide:Div0 ;
+------------------------+----------------+-----------------------------------+
; Parameter Name         ; Value          ; Type                              ;
+------------------------+----------------+-----------------------------------+
; LPM_WIDTHN             ; 8              ; Untyped                           ;
; LPM_WIDTHD             ; 10             ; Untyped                           ;
; LPM_NREPRESENTATION    ; UNSIGNED       ; Untyped                           ;
; LPM_DREPRESENTATION    ; UNSIGNED       ; Untyped                           ;
; LPM_PIPELINE           ; 0              ; Untyped                           ;
; LPM_REMAINDERPOSITIVE  ; TRUE           ; Untyped                           ;
; MAXIMIZE_SPEED         ; 5              ; Untyped                           ;
; CBXI_PARAMETER         ; lpm_divide_jbm ; Untyped                           ;
; CARRY_CHAIN            ; MANUAL         ; Untyped                           ;
; OPTIMIZE_FOR_SPEED     ; 5              ; Untyped                           ;
; AUTO_CARRY_CHAINS      ; ON             ; AUTO_CARRY                        ;
; IGNORE_CARRY_BUFFERS   ; OFF            ; IGNORE_CARRY                      ;
; AUTO_CASCADE_CHAINS    ; ON             ; AUTO_CASCADE                      ;
; IGNORE_CASCADE_BUFFERS ; OFF            ; IGNORE_CASCADE                    ;
+------------------------+----------------+-----------------------------------+
Note: In order to hide this table in the UI and the text report file, please set the "Show Parameter Settings in Synthesis Report" option in "Analysis and Synthesis Settings -> More Settings" to "Off".


+-----------------------------------------------------------------------------+
; Parameter Settings for Inferred Entity Instance: fade:fade4|lpm_divide:Div0 ;
+------------------------+----------------+-----------------------------------+
; Parameter Name         ; Value          ; Type                              ;
+------------------------+----------------+-----------------------------------+
; LPM_WIDTHN             ; 8              ; Untyped                           ;
; LPM_WIDTHD             ; 10             ; Untyped                           ;
; LPM_NREPRESENTATION    ; UNSIGNED       ; Untyped                           ;
; LPM_DREPRESENTATION    ; UNSIGNED       ; Untyped                           ;
; LPM_PIPELINE           ; 0              ; Untyped                           ;
; LPM_REMAINDERPOSITIVE  ; TRUE           ; Untyped                           ;
; MAXIMIZE_SPEED         ; 5              ; Untyped                           ;
; CBXI_PARAMETER         ; lpm_divide_jbm ; Untyped                           ;
; CARRY_CHAIN            ; MANUAL         ; Untyped                           ;
; OPTIMIZE_FOR_SPEED     ; 5              ; Untyped                           ;
; AUTO_CARRY_CHAINS      ; ON             ; AUTO_CARRY                        ;
; IGNORE_CARRY_BUFFERS   ; OFF            ; IGNORE_CARRY                      ;
; AUTO_CASCADE_CHAINS    ; ON             ; AUTO_CASCADE                      ;
; IGNORE_CASCADE_BUFFERS ; OFF            ; IGNORE_CASCADE                    ;
+------------------------+----------------+-----------------------------------+
Note: In order to hide this table in the UI and the text report file, please set the "Show Parameter Settings in Synthesis Report" option in "Analysis and Synthesis Settings -> More Settings" to "Off".


+-----------------------------------------------------------------------------+
; Parameter Settings for Inferred Entity Instance: fade:fade3|lpm_divide:Div0 ;
+------------------------+----------------+-----------------------------------+
; Parameter Name         ; Value          ; Type                              ;
+------------------------+----------------+-----------------------------------+
; LPM_WIDTHN             ; 8              ; Untyped                           ;
; LPM_WIDTHD             ; 10             ; Untyped                           ;
; LPM_NREPRESENTATION    ; UNSIGNED       ; Untyped                           ;
; LPM_DREPRESENTATION    ; UNSIGNED       ; Untyped                           ;
; LPM_PIPELINE           ; 0              ; Untyped                           ;
; LPM_REMAINDERPOSITIVE  ; TRUE           ; Untyped                           ;
; MAXIMIZE_SPEED         ; 5              ; Untyped                           ;
; CBXI_PARAMETER         ; lpm_divide_jbm ; Untyped                           ;
; CARRY_CHAIN            ; MANUAL         ; Untyped                           ;
; OPTIMIZE_FOR_SPEED     ; 5              ; Untyped                           ;
; AUTO_CARRY_CHAINS      ; ON             ; AUTO_CARRY                        ;
; IGNORE_CARRY_BUFFERS   ; OFF            ; IGNORE_CARRY                      ;
; AUTO_CASCADE_CHAINS    ; ON             ; AUTO_CASCADE                      ;
; IGNORE_CASCADE_BUFFERS ; OFF            ; IGNORE_CASCADE                    ;
+------------------------+----------------+-----------------------------------+
Note: In order to hide this table in the UI and the text report file, please set the "Show Parameter Settings in Synthesis Report" option in "Analysis and Synthesis Settings -> More Settings" to "Off".


+-----------------------------------------------------------------------------+
; Parameter Settings for Inferred Entity Instance: fade:fade2|lpm_divide:Div0 ;
+------------------------+----------------+-----------------------------------+
; Parameter Name         ; Value          ; Type                              ;
+------------------------+----------------+-----------------------------------+
; LPM_WIDTHN             ; 8              ; Untyped                           ;
; LPM_WIDTHD             ; 10             ; Untyped                           ;
; LPM_NREPRESENTATION    ; UNSIGNED       ; Untyped                           ;
; LPM_DREPRESENTATION    ; UNSIGNED       ; Untyped                           ;
; LPM_PIPELINE           ; 0              ; Untyped                           ;
; LPM_REMAINDERPOSITIVE  ; TRUE           ; Untyped                           ;
; MAXIMIZE_SPEED         ; 5              ; Untyped                           ;
; CBXI_PARAMETER         ; lpm_divide_jbm ; Untyped                           ;
; CARRY_CHAIN            ; MANUAL         ; Untyped                           ;
; OPTIMIZE_FOR_SPEED     ; 5              ; Untyped                           ;
; AUTO_CARRY_CHAINS      ; ON             ; AUTO_CARRY                        ;
; IGNORE_CARRY_BUFFERS   ; OFF            ; IGNORE_CARRY                      ;
; AUTO_CASCADE_CHAINS    ; ON             ; AUTO_CASCADE                      ;
; IGNORE_CASCADE_BUFFERS ; OFF            ; IGNORE_CASCADE                    ;
+------------------------+----------------+-----------------------------------+
Note: In order to hide this table in the UI and the text report file, please set the "Show Parameter Settings in Synthesis Report" option in "Analysis and Synthesis Settings -> More Settings" to "Off".


+----------------------------------------------------------------------------------------------------------------+
; Port Connectivity Checks: "packet:sendpacket"                                                                  ;
+------+--------+----------+-------------------------------------------------------------------------------------+
; Port ; Type   ; Severity ; Details                                                                             ;
+------+--------+----------+-------------------------------------------------------------------------------------+
; done ; Output ; Info     ; Connected to dangling logic. Logic that only feeds a dangling port will be removed. ;
+------+--------+----------+-------------------------------------------------------------------------------------+


+-------------------------------------------------------------------------------------------------------------------------------------------------------------------------------------------------------------------------------------------------------------------------+
; Signal Tap Logic Analyzer Settings                                                                                                                                                                                                                                      ;
+----------------+------------------+---------------------+------------------+--------------+----------+------------------------+----------------------+--------------------+-----------------------------+-----------------+------------------+--------------------------+
; Instance Index ; Instance Name    ; Trigger Input Width ; Data Input Width ; Sample Depth ; Segments ; Storage Qualifier Type ; Trigger Flow Control ; Trigger Conditions ; Advanced Trigger Conditions ; Trigger In Used ; Trigger Out Used ; Power-Up Trigger Enabled ;
+----------------+------------------+---------------------+------------------+--------------+----------+------------------------+----------------------+--------------------+-----------------------------+-----------------+------------------+--------------------------+
; 0              ; auto_signaltap_0 ; 1                   ; 1                ; 131072       ; 1        ; continuous             ; sequential           ; 1                  ; 0                           ; no              ; no               ; no                       ;
+----------------+------------------+---------------------+------------------+--------------+----------+------------------------+----------------------+--------------------+-----------------------------+-----------------+------------------+--------------------------+


+-----------------------------------------------------+
; Post-Synthesis Netlist Statistics for Top Partition ;
+-----------------------+-----------------------------+
; Type                  ; Count                       ;
+-----------------------+-----------------------------+
; arriav_ff             ; 6520                        ;
;     CLR               ; 89                          ;
;     CLR SCLR          ; 8                           ;
;     CLR SLD           ; 49                          ;
;     ENA               ; 12                          ;
;     ENA CLR           ; 432                         ;
;     ENA CLR SCLR      ; 188                         ;
;     ENA CLR SLD       ; 5642                        ;
;     ENA SCLR SLD      ; 10                          ;
;     ENA SLD           ; 90                          ;
; arriav_lcell_comb     ; 3658                        ;
;     arith             ; 1018                        ;
;         0 data inputs ; 169                         ;
;         1 data inputs ; 273                         ;
;         2 data inputs ; 80                          ;
;         3 data inputs ; 73                          ;
;         4 data inputs ; 73                          ;
;         5 data inputs ; 350                         ;
;     extend            ; 1                           ;
;         7 data inputs ; 1                           ;
;     normal            ; 2511                        ;
;         0 data inputs ; 1                           ;
;         1 data inputs ; 5                           ;
;         2 data inputs ; 339                         ;
;         3 data inputs ; 187                         ;
;         4 data inputs ; 476                         ;
;         5 data inputs ; 337                         ;
;         6 data inputs ; 1166                        ;
;     shared            ; 128                         ;
;         0 data inputs ; 26                          ;
;         1 data inputs ; 17                          ;
;         2 data inputs ; 60                          ;
;         3 data inputs ; 5                           ;
;         4 data inputs ; 20                          ;
; boundary_port         ; 46                          ;
;                       ;                             ;
; Max LUT depth         ; 19.30                       ;
; Average LUT depth     ; 6.80                        ;
+-----------------------+-----------------------------+


+-------------------------------+
; Elapsed Time Per Partition    ;
+----------------+--------------+
; Partition Name ; Elapsed Time ;
+----------------+--------------+
; Top            ; 00:00:14     ;
+----------------+--------------+


+-------------------------------------------------------------------------------------------------------------------------------------------------------+
; Connections to In-System Debugging Instance "auto_signaltap_0"                                                                                        ;
+----------------------+---------------+-----------+--------------------------------+-------------------+-------------------------------------+---------+
; Name                 ; Type          ; Status    ; Partition Name                 ; Netlist Type Used ; Actual Connection                   ; Details ;
+----------------------+---------------+-----------+--------------------------------+-------------------+-------------------------------------+---------+
; CLOCK_50             ; pre-synthesis ; connected ; Top                            ; post-synthesis    ; CLOCK_50                            ; N/A     ;
; LEDR[0]              ; pre-synthesis ; connected ; Top                            ; post-synthesis    ; packet:sendpacket|pos               ; N/A     ;
; LEDR[0]              ; pre-synthesis ; connected ; Top                            ; post-synthesis    ; packet:sendpacket|pos               ; N/A     ;
; auto_signaltap_0|gnd ; post-fitting  ; connected ; sld_signaltap:auto_signaltap_0 ; post-synthesis    ; sld_signaltap:auto_signaltap_0|~GND ; N/A     ;
; auto_signaltap_0|gnd ; post-fitting  ; connected ; sld_signaltap:auto_signaltap_0 ; post-synthesis    ; sld_signaltap:auto_signaltap_0|~GND ; N/A     ;
; auto_signaltap_0|gnd ; post-fitting  ; connected ; sld_signaltap:auto_signaltap_0 ; post-synthesis    ; sld_signaltap:auto_signaltap_0|~GND ; N/A     ;
; auto_signaltap_0|gnd ; post-fitting  ; connected ; sld_signaltap:auto_signaltap_0 ; post-synthesis    ; sld_signaltap:auto_signaltap_0|~GND ; N/A     ;
; auto_signaltap_0|gnd ; post-fitting  ; connected ; sld_signaltap:auto_signaltap_0 ; post-synthesis    ; sld_signaltap:auto_signaltap_0|~GND ; N/A     ;
; auto_signaltap_0|gnd ; post-fitting  ; connected ; sld_signaltap:auto_signaltap_0 ; post-synthesis    ; sld_signaltap:auto_signaltap_0|~GND ; N/A     ;
; auto_signaltap_0|gnd ; post-fitting  ; connected ; sld_signaltap:auto_signaltap_0 ; post-synthesis    ; sld_signaltap:auto_signaltap_0|~GND ; N/A     ;
; auto_signaltap_0|gnd ; post-fitting  ; connected ; sld_signaltap:auto_signaltap_0 ; post-synthesis    ; sld_signaltap:auto_signaltap_0|~GND ; N/A     ;
; auto_signaltap_0|gnd ; post-fitting  ; connected ; sld_signaltap:auto_signaltap_0 ; post-synthesis    ; sld_signaltap:auto_signaltap_0|~GND ; N/A     ;
; auto_signaltap_0|gnd ; post-fitting  ; connected ; sld_signaltap:auto_signaltap_0 ; post-synthesis    ; sld_signaltap:auto_signaltap_0|~GND ; N/A     ;
; auto_signaltap_0|gnd ; post-fitting  ; connected ; sld_signaltap:auto_signaltap_0 ; post-synthesis    ; sld_signaltap:auto_signaltap_0|~GND ; N/A     ;
; auto_signaltap_0|gnd ; post-fitting  ; connected ; sld_signaltap:auto_signaltap_0 ; post-synthesis    ; sld_signaltap:auto_signaltap_0|~GND ; N/A     ;
; auto_signaltap_0|gnd ; post-fitting  ; connected ; sld_signaltap:auto_signaltap_0 ; post-synthesis    ; sld_signaltap:auto_signaltap_0|~GND ; N/A     ;
; auto_signaltap_0|gnd ; post-fitting  ; connected ; sld_signaltap:auto_signaltap_0 ; post-synthesis    ; sld_signaltap:auto_signaltap_0|~GND ; N/A     ;
; auto_signaltap_0|gnd ; post-fitting  ; connected ; sld_signaltap:auto_signaltap_0 ; post-synthesis    ; sld_signaltap:auto_signaltap_0|~GND ; N/A     ;
; auto_signaltap_0|gnd ; post-fitting  ; connected ; sld_signaltap:auto_signaltap_0 ; post-synthesis    ; sld_signaltap:auto_signaltap_0|~GND ; N/A     ;
; auto_signaltap_0|gnd ; post-fitting  ; connected ; sld_signaltap:auto_signaltap_0 ; post-synthesis    ; sld_signaltap:auto_signaltap_0|~GND ; N/A     ;
; auto_signaltap_0|vcc ; post-fitting  ; connected ; sld_signaltap:auto_signaltap_0 ; post-synthesis    ; sld_signaltap:auto_signaltap_0|~VCC ; N/A     ;
; auto_signaltap_0|vcc ; post-fitting  ; connected ; sld_signaltap:auto_signaltap_0 ; post-synthesis    ; sld_signaltap:auto_signaltap_0|~VCC ; N/A     ;
; auto_signaltap_0|vcc ; post-fitting  ; connected ; sld_signaltap:auto_signaltap_0 ; post-synthesis    ; sld_signaltap:auto_signaltap_0|~VCC ; N/A     ;
; auto_signaltap_0|vcc ; post-fitting  ; connected ; sld_signaltap:auto_signaltap_0 ; post-synthesis    ; sld_signaltap:auto_signaltap_0|~VCC ; N/A     ;
; auto_signaltap_0|vcc ; post-fitting  ; connected ; sld_signaltap:auto_signaltap_0 ; post-synthesis    ; sld_signaltap:auto_signaltap_0|~VCC ; N/A     ;
; auto_signaltap_0|vcc ; post-fitting  ; connected ; sld_signaltap:auto_signaltap_0 ; post-synthesis    ; sld_signaltap:auto_signaltap_0|~VCC ; N/A     ;
; auto_signaltap_0|vcc ; post-fitting  ; connected ; sld_signaltap:auto_signaltap_0 ; post-synthesis    ; sld_signaltap:auto_signaltap_0|~VCC ; N/A     ;
; auto_signaltap_0|vcc ; post-fitting  ; connected ; sld_signaltap:auto_signaltap_0 ; post-synthesis    ; sld_signaltap:auto_signaltap_0|~VCC ; N/A     ;
; auto_signaltap_0|vcc ; post-fitting  ; connected ; sld_signaltap:auto_signaltap_0 ; post-synthesis    ; sld_signaltap:auto_signaltap_0|~VCC ; N/A     ;
; auto_signaltap_0|vcc ; post-fitting  ; connected ; sld_signaltap:auto_signaltap_0 ; post-synthesis    ; sld_signaltap:auto_signaltap_0|~VCC ; N/A     ;
; auto_signaltap_0|vcc ; post-fitting  ; connected ; sld_signaltap:auto_signaltap_0 ; post-synthesis    ; sld_signaltap:auto_signaltap_0|~VCC ; N/A     ;
; auto_signaltap_0|vcc ; post-fitting  ; connected ; sld_signaltap:auto_signaltap_0 ; post-synthesis    ; sld_signaltap:auto_signaltap_0|~VCC ; N/A     ;
; auto_signaltap_0|vcc ; post-fitting  ; connected ; sld_signaltap:auto_signaltap_0 ; post-synthesis    ; sld_signaltap:auto_signaltap_0|~VCC ; N/A     ;
; auto_signaltap_0|vcc ; post-fitting  ; connected ; sld_signaltap:auto_signaltap_0 ; post-synthesis    ; sld_signaltap:auto_signaltap_0|~VCC ; N/A     ;
; auto_signaltap_0|vcc ; post-fitting  ; connected ; sld_signaltap:auto_signaltap_0 ; post-synthesis    ; sld_signaltap:auto_signaltap_0|~VCC ; N/A     ;
+----------------------+---------------+-----------+--------------------------------+-------------------+-------------------------------------+---------+


+-------------------------------+
; Analysis & Synthesis Messages ;
+-------------------------------+
Info: *******************************************************************
Info: Running Quartus Prime Analysis & Synthesis
    Info: Version 23.1std.1 Build 993 05/14/2024 SC Lite Edition
    Info: Processing started: Wed Dec 10 15:01:21 2025
Info: Command: quartus_map --read_settings_files=on --write_settings_files=off LightBoard -c LightBoard
Warning (18236): Number of processors has not been specified which may cause overloading on shared machines.  Set the global assignment NUM_PARALLEL_PROCESSORS in your QSF to an appropriate value for best performance.
Info (20030): Parallel compilation is enabled and will use 16 of the 20 processors detected
Info (12021): Found 1 design units, including 1 entities, in source file seven_segment.v
    Info (12023): Found entity 1: seven_segment File: M:/ECE287/GitHub/FPGA-Light-Board/FinalProject/seven_segment.v Line: 1
Warning (10229): Verilog HDL Expression warning at LightBoard.v(90): truncated literal to match 5 bits File: M:/ECE287/GitHub/FPGA-Light-Board/FinalProject/LightBoard.v Line: 90
Info (12021): Found 1 design units, including 1 entities, in source file lightboard.v
    Info (12023): Found entity 1: LightBoard File: M:/ECE287/GitHub/FPGA-Light-Board/FinalProject/LightBoard.v Line: 1
Info (12021): Found 1 design units, including 1 entities, in source file packet.v
    Info (12023): Found entity 1: packet File: M:/ECE287/GitHub/FPGA-Light-Board/FinalProject/Packet.v Line: 1
Info (12021): Found 1 design units, including 1 entities, in source file fade.v
    Info (12023): Found entity 1: fade File: M:/ECE287/GitHub/FPGA-Light-Board/FinalProject/fade.v Line: 1
Info (12127): Elaborating entity "LightBoard" for the top level hierarchy
Warning (10230): Verilog HDL assignment warning at LightBoard.v(60): truncated value with size 5 to match size of target (3) File: M:/ECE287/GitHub/FPGA-Light-Board/FinalProject/LightBoard.v Line: 60
Info (10264): Verilog HDL Case Statement information at LightBoard.v(238): all case item expressions in this case statement are onehot File: M:/ECE287/GitHub/FPGA-Light-Board/FinalProject/LightBoard.v Line: 238
Warning (10230): Verilog HDL assignment warning at LightBoard.v(633): truncated value with size 32 to match size of target (4) File: M:/ECE287/GitHub/FPGA-Light-Board/FinalProject/LightBoard.v Line: 633
Warning (10230): Verilog HDL assignment warning at LightBoard.v(634): truncated value with size 32 to match size of target (4) File: M:/ECE287/GitHub/FPGA-Light-Board/FinalProject/LightBoard.v Line: 634
Warning (10230): Verilog HDL assignment warning at LightBoard.v(635): truncated value with size 32 to match size of target (4) File: M:/ECE287/GitHub/FPGA-Light-Board/FinalProject/LightBoard.v Line: 635
Info (12128): Elaborating entity "packet" for hierarchy "packet:sendpacket" File: M:/ECE287/GitHub/FPGA-Light-Board/FinalProject/LightBoard.v Line: 626
Info (12128): Elaborating entity "seven_segment" for hierarchy "seven_segment:seven_segment_1s" File: M:/ECE287/GitHub/FPGA-Light-Board/FinalProject/LightBoard.v Line: 639
Info (12128): Elaborating entity "fade" for hierarchy "fade:fade1" File: M:/ECE287/GitHub/FPGA-Light-Board/FinalProject/LightBoard.v Line: 647
Warning (10230): Verilog HDL assignment warning at fade.v(142): truncated value with size 10 to match size of target (8) File: M:/ECE287/GitHub/FPGA-Light-Board/FinalProject/fade.v Line: 142
Info (12021): Found 1 design units, including 1 entities, in source file db/altsyncram_gk84.tdf
    Info (12023): Found entity 1: altsyncram_gk84 File: M:/ECE287/GitHub/FPGA-Light-Board/FinalProject/db/altsyncram_gk84.tdf Line: 32
Info (12021): Found 1 design units, including 1 entities, in source file db/decode_tma.tdf
    Info (12023): Found entity 1: decode_tma File: M:/ECE287/GitHub/FPGA-Light-Board/FinalProject/db/decode_tma.tdf Line: 23
Info (12021): Found 1 design units, including 1 entities, in source file db/mux_6hb.tdf
    Info (12023): Found entity 1: mux_6hb File: M:/ECE287/GitHub/FPGA-Light-Board/FinalProject/db/mux_6hb.tdf Line: 23
Info (12021): Found 1 design units, including 1 entities, in source file db/mux_glc.tdf
    Info (12023): Found entity 1: mux_glc File: M:/ECE287/GitHub/FPGA-Light-Board/FinalProject/db/mux_glc.tdf Line: 23
Info (12021): Found 1 design units, including 1 entities, in source file db/decode_vnf.tdf
    Info (12023): Found entity 1: decode_vnf File: M:/ECE287/GitHub/FPGA-Light-Board/FinalProject/db/decode_vnf.tdf Line: 23
Info (12021): Found 1 design units, including 1 entities, in source file db/cntr_85j.tdf
    Info (12023): Found entity 1: cntr_85j File: M:/ECE287/GitHub/FPGA-Light-Board/FinalProject/db/cntr_85j.tdf Line: 26
Info (12021): Found 1 design units, including 1 entities, in source file db/cntr_49i.tdf
    Info (12023): Found entity 1: cntr_49i File: M:/ECE287/GitHub/FPGA-Light-Board/FinalProject/db/cntr_49i.tdf Line: 28
Info (12021): Found 1 design units, including 1 entities, in source file db/cmpr_e9c.tdf
    Info (12023): Found entity 1: cmpr_e9c File: M:/ECE287/GitHub/FPGA-Light-Board/FinalProject/db/cmpr_e9c.tdf Line: 23
Info (12021): Found 1 design units, including 1 entities, in source file db/cntr_kri.tdf
    Info (12023): Found entity 1: cntr_kri File: M:/ECE287/GitHub/FPGA-Light-Board/FinalProject/db/cntr_kri.tdf Line: 28
Info (12021): Found 1 design units, including 1 entities, in source file db/cmpr_99c.tdf
    Info (12023): Found entity 1: cmpr_99c File: M:/ECE287/GitHub/FPGA-Light-Board/FinalProject/db/cmpr_99c.tdf Line: 23
Info (12033): Analysis and Synthesis generated Signal Tap or debug node instance "auto_signaltap_0"
Info (11170): Starting IP generation for the debug fabric: alt_sld_fab.
Info (11172): 2025.12.10.15:02:11 Progress: Loading sld48c515c5/alt_sld_fab_wrapper_hw.tcl
Info (11172): Alt_sld_fab.alt_sld_fab: SLD fabric agents which did not specify prefer_host were connected to JTAG
Info (11172): Alt_sld_fab: Generating alt_sld_fab "alt_sld_fab" for QUARTUS_SYNTH
Info (11172): Alt_sld_fab: "alt_sld_fab" instantiated alt_sld_fab "alt_sld_fab"
Info (11172): Presplit: "alt_sld_fab" instantiated altera_super_splitter "presplit"
Info (11172): Splitter: "alt_sld_fab" instantiated altera_sld_splitter "splitter"
Info (11172): Sldfabric: "alt_sld_fab" instantiated altera_sld_jtag_hub "sldfabric"
Info (11172): Ident: "alt_sld_fab" instantiated altera_connection_identification_hub "ident"
Info (11172): Alt_sld_fab: Done "alt_sld_fab" with 6 modules, 6 files
Info (11171): Finished IP generation for the debug fabric: alt_sld_fab.
Info (12021): Found 1 design units, including 1 entities, in source file db/ip/sld48c515c5/alt_sld_fab.v
    Info (12023): Found entity 1: alt_sld_fab File: M:/ECE287/GitHub/FPGA-Light-Board/FinalProject/db/ip/sld48c515c5/alt_sld_fab.v Line: 9
Info (12021): Found 1 design units, including 1 entities, in source file db/ip/sld48c515c5/submodules/alt_sld_fab_alt_sld_fab.v
    Info (12023): Found entity 1: alt_sld_fab_alt_sld_fab File: M:/ECE287/GitHub/FPGA-Light-Board/FinalProject/db/ip/sld48c515c5/submodules/alt_sld_fab_alt_sld_fab.v Line: 9
Info (12021): Found 1 design units, including 1 entities, in source file db/ip/sld48c515c5/submodules/alt_sld_fab_alt_sld_fab_ident.sv
    Info (12023): Found entity 1: alt_sld_fab_alt_sld_fab_ident File: M:/ECE287/GitHub/FPGA-Light-Board/FinalProject/db/ip/sld48c515c5/submodules/alt_sld_fab_alt_sld_fab_ident.sv Line: 33
Info (12021): Found 1 design units, including 1 entities, in source file db/ip/sld48c515c5/submodules/alt_sld_fab_alt_sld_fab_presplit.sv
    Info (12023): Found entity 1: alt_sld_fab_alt_sld_fab_presplit File: M:/ECE287/GitHub/FPGA-Light-Board/FinalProject/db/ip/sld48c515c5/submodules/alt_sld_fab_alt_sld_fab_presplit.sv Line: 3
Info (12021): Found 2 design units, including 1 entities, in source file db/ip/sld48c515c5/submodules/alt_sld_fab_alt_sld_fab_sldfabric.vhd
    Info (12022): Found design unit 1: alt_sld_fab_alt_sld_fab_sldfabric-rtl File: M:/ECE287/GitHub/FPGA-Light-Board/FinalProject/db/ip/sld48c515c5/submodules/alt_sld_fab_alt_sld_fab_sldfabric.vhd Line: 102
    Info (12023): Found entity 1: alt_sld_fab_alt_sld_fab_sldfabric File: M:/ECE287/GitHub/FPGA-Light-Board/FinalProject/db/ip/sld48c515c5/submodules/alt_sld_fab_alt_sld_fab_sldfabric.vhd Line: 11
Info (12021): Found 1 design units, including 1 entities, in source file db/ip/sld48c515c5/submodules/alt_sld_fab_alt_sld_fab_splitter.sv
    Info (12023): Found entity 1: alt_sld_fab_alt_sld_fab_splitter File: M:/ECE287/GitHub/FPGA-Light-Board/FinalProject/db/ip/sld48c515c5/submodules/alt_sld_fab_alt_sld_fab_splitter.sv Line: 3
Info (278001): Inferred 14 megafunctions from design logic
    Info (278004): Inferred divider/modulo megafunction ("lpm_divide") from the following logic: "Div1" File: M:/ECE287/GitHub/FPGA-Light-Board/FinalProject/LightBoard.v Line: 635
    Info (278004): Inferred divider/modulo megafunction ("lpm_divide") from the following logic: "Div0" File: M:/ECE287/GitHub/FPGA-Light-Board/FinalProject/LightBoard.v Line: 634
    Info (278004): Inferred divider/modulo megafunction ("lpm_divide") from the following logic: "Mod1" File: M:/ECE287/GitHub/FPGA-Light-Board/FinalProject/LightBoard.v Line: 634
    Info (278004): Inferred divider/modulo megafunction ("lpm_divide") from the following logic: "Mod0" File: M:/ECE287/GitHub/FPGA-Light-Board/FinalProject/LightBoard.v Line: 633
    Info (278004): Inferred divider/modulo megafunction ("lpm_divide") from the following logic: "fade:fade1|Div1" File: M:/ECE287/GitHub/FPGA-Light-Board/FinalProject/fade.v Line: 153
    Info (278004): Inferred divider/modulo megafunction ("lpm_divide") from the following logic: "fade:fade2|Div1" File: M:/ECE287/GitHub/FPGA-Light-Board/FinalProject/fade.v Line: 153
    Info (278004): Inferred divider/modulo megafunction ("lpm_divide") from the following logic: "fade:fade3|Div1" File: M:/ECE287/GitHub/FPGA-Light-Board/FinalProject/fade.v Line: 153
    Info (278004): Inferred divider/modulo megafunction ("lpm_divide") from the following logic: "fade:fade4|Div1" File: M:/ECE287/GitHub/FPGA-Light-Board/FinalProject/fade.v Line: 153
    Info (278004): Inferred divider/modulo megafunction ("lpm_divide") from the following logic: "fade:fade5|Div1" File: M:/ECE287/GitHub/FPGA-Light-Board/FinalProject/fade.v Line: 153
    Info (278004): Inferred divider/modulo megafunction ("lpm_divide") from the following logic: "fade:fade1|Div0" File: M:/ECE287/GitHub/FPGA-Light-Board/FinalProject/fade.v Line: 142
    Info (278004): Inferred divider/modulo megafunction ("lpm_divide") from the following logic: "fade:fade5|Div0" File: M:/ECE287/GitHub/FPGA-Light-Board/FinalProject/fade.v Line: 142
    Info (278004): Inferred divider/modulo megafunction ("lpm_divide") from the following logic: "fade:fade4|Div0" File: M:/ECE287/GitHub/FPGA-Light-Board/FinalProject/fade.v Line: 142
    Info (278004): Inferred divider/modulo megafunction ("lpm_divide") from the following logic: "fade:fade3|Div0" File: M:/ECE287/GitHub/FPGA-Light-Board/FinalProject/fade.v Line: 142
    Info (278004): Inferred divider/modulo megafunction ("lpm_divide") from the following logic: "fade:fade2|Div0" File: M:/ECE287/GitHub/FPGA-Light-Board/FinalProject/fade.v Line: 142
Info (12130): Elaborated megafunction instantiation "lpm_divide:Div1" File: M:/ECE287/GitHub/FPGA-Light-Board/FinalProject/LightBoard.v Line: 635
Info (12133): Instantiated megafunction "lpm_divide:Div1" with the following parameter: File: M:/ECE287/GitHub/FPGA-Light-Board/FinalProject/LightBoard.v Line: 635
    Info (12134): Parameter "LPM_WIDTHN" = "8"
    Info (12134): Parameter "LPM_WIDTHD" = "7"
    Info (12134): Parameter "LPM_NREPRESENTATION" = "UNSIGNED"
    Info (12134): Parameter "LPM_DREPRESENTATION" = "UNSIGNED"
Info (12021): Found 1 design units, including 1 entities, in source file db/lpm_divide_8am.tdf
    Info (12023): Found entity 1: lpm_divide_8am File: M:/ECE287/GitHub/FPGA-Light-Board/FinalProject/db/lpm_divide_8am.tdf Line: 25
Info (12021): Found 1 design units, including 1 entities, in source file db/sign_div_unsign_ekh.tdf
    Info (12023): Found entity 1: sign_div_unsign_ekh File: M:/ECE287/GitHub/FPGA-Light-Board/FinalProject/db/sign_div_unsign_ekh.tdf Line: 25
Info (12021): Found 1 design units, including 1 entities, in source file db/alt_u_div_2te.tdf
    Info (12023): Found entity 1: alt_u_div_2te File: M:/ECE287/GitHub/FPGA-Light-Board/FinalProject/db/alt_u_div_2te.tdf Line: 23
Info (12130): Elaborated megafunction instantiation "lpm_divide:Div0" File: M:/ECE287/GitHub/FPGA-Light-Board/FinalProject/LightBoard.v Line: 634
Info (12133): Instantiated megafunction "lpm_divide:Div0" with the following parameter: File: M:/ECE287/GitHub/FPGA-Light-Board/FinalProject/LightBoard.v Line: 634
    Info (12134): Parameter "LPM_WIDTHN" = "8"
    Info (12134): Parameter "LPM_WIDTHD" = "4"
    Info (12134): Parameter "LPM_NREPRESENTATION" = "UNSIGNED"
    Info (12134): Parameter "LPM_DREPRESENTATION" = "UNSIGNED"
Info (12021): Found 1 design units, including 1 entities, in source file db/lpm_divide_5am.tdf
    Info (12023): Found entity 1: lpm_divide_5am File: M:/ECE287/GitHub/FPGA-Light-Board/FinalProject/db/lpm_divide_5am.tdf Line: 25
Info (12021): Found 1 design units, including 1 entities, in source file db/sign_div_unsign_bkh.tdf
    Info (12023): Found entity 1: sign_div_unsign_bkh File: M:/ECE287/GitHub/FPGA-Light-Board/FinalProject/db/sign_div_unsign_bkh.tdf Line: 25
Info (12021): Found 1 design units, including 1 entities, in source file db/alt_u_div_sse.tdf
    Info (12023): Found entity 1: alt_u_div_sse File: M:/ECE287/GitHub/FPGA-Light-Board/FinalProject/db/alt_u_div_sse.tdf Line: 23
Info (12130): Elaborated megafunction instantiation "lpm_divide:Mod1" File: M:/ECE287/GitHub/FPGA-Light-Board/FinalProject/LightBoard.v Line: 634
Info (12133): Instantiated megafunction "lpm_divide:Mod1" with the following parameter: File: M:/ECE287/GitHub/FPGA-Light-Board/FinalProject/LightBoard.v Line: 634
    Info (12134): Parameter "LPM_WIDTHN" = "8"
    Info (12134): Parameter "LPM_WIDTHD" = "4"
    Info (12134): Parameter "LPM_NREPRESENTATION" = "UNSIGNED"
    Info (12134): Parameter "LPM_DREPRESENTATION" = "UNSIGNED"
Info (12021): Found 1 design units, including 1 entities, in source file db/lpm_divide_82m.tdf
    Info (12023): Found entity 1: lpm_divide_82m File: M:/ECE287/GitHub/FPGA-Light-Board/FinalProject/db/lpm_divide_82m.tdf Line: 25
Info (12130): Elaborated megafunction instantiation "fade:fade1|lpm_divide:Div1" File: M:/ECE287/GitHub/FPGA-Light-Board/FinalProject/fade.v Line: 153
Info (12133): Instantiated megafunction "fade:fade1|lpm_divide:Div1" with the following parameter: File: M:/ECE287/GitHub/FPGA-Light-Board/FinalProject/fade.v Line: 153
    Info (12134): Parameter "LPM_WIDTHN" = "10"
    Info (12134): Parameter "LPM_WIDTHD" = "8"
    Info (12134): Parameter "LPM_NREPRESENTATION" = "UNSIGNED"
    Info (12134): Parameter "LPM_DREPRESENTATION" = "UNSIGNED"
Info (12021): Found 1 design units, including 1 entities, in source file db/lpm_divide_ibm.tdf
    Info (12023): Found entity 1: lpm_divide_ibm File: M:/ECE287/GitHub/FPGA-Light-Board/FinalProject/db/lpm_divide_ibm.tdf Line: 25
Info (12021): Found 1 design units, including 1 entities, in source file db/sign_div_unsign_olh.tdf
    Info (12023): Found entity 1: sign_div_unsign_olh File: M:/ECE287/GitHub/FPGA-Light-Board/FinalProject/db/sign_div_unsign_olh.tdf Line: 25
Info (12021): Found 1 design units, including 1 entities, in source file db/alt_u_div_mve.tdf
    Info (12023): Found entity 1: alt_u_div_mve File: M:/ECE287/GitHub/FPGA-Light-Board/FinalProject/db/alt_u_div_mve.tdf Line: 23
Info (12130): Elaborated megafunction instantiation "fade:fade1|lpm_divide:Div0" File: M:/ECE287/GitHub/FPGA-Light-Board/FinalProject/fade.v Line: 142
Info (12133): Instantiated megafunction "fade:fade1|lpm_divide:Div0" with the following parameter: File: M:/ECE287/GitHub/FPGA-Light-Board/FinalProject/fade.v Line: 142
    Info (12134): Parameter "LPM_WIDTHN" = "8"
    Info (12134): Parameter "LPM_WIDTHD" = "10"
    Info (12134): Parameter "LPM_NREPRESENTATION" = "UNSIGNED"
    Info (12134): Parameter "LPM_DREPRESENTATION" = "UNSIGNED"
Info (12021): Found 1 design units, including 1 entities, in source file db/lpm_divide_jbm.tdf
    Info (12023): Found entity 1: lpm_divide_jbm File: M:/ECE287/GitHub/FPGA-Light-Board/FinalProject/db/lpm_divide_jbm.tdf Line: 25
Info (12021): Found 1 design units, including 1 entities, in source file db/sign_div_unsign_1nh.tdf
    Info (12023): Found entity 1: sign_div_unsign_1nh File: M:/ECE287/GitHub/FPGA-Light-Board/FinalProject/db/sign_div_unsign_1nh.tdf Line: 25
Info (12021): Found 1 design units, including 1 entities, in source file db/alt_u_div_82f.tdf
    Info (12023): Found entity 1: alt_u_div_82f File: M:/ECE287/GitHub/FPGA-Light-Board/FinalProject/db/alt_u_div_82f.tdf Line: 23
Warning (13024): Output pins are stuck at VCC or GND
    Warning (13410): Pin "HEX2[1]" is stuck at GND File: M:/ECE287/GitHub/FPGA-Light-Board/FinalProject/LightBoard.v Line: 7
Info (286031): Timing-Driven Synthesis is running on partition "Top"
Info (17049): 28 registers lost all their fanouts during netlist optimizations.
Info (144001): Generated suppressed messages file M:/ECE287/GitHub/FPGA-Light-Board/FinalProject/output_files/LightBoard.map.smsg
Info (35024): Successfully connected in-system debug instance "auto_signaltap_0" to all 35 required data inputs, trigger inputs, acquisition clocks, and dynamic pins
Info (16010): Generating hard_block partition "hard_block:auto_generated_inst"
    Info (16011): Adding 9 node(s), including 0 DDIO, 0 PLL, 0 transceiver and 0 LCELL
Warning (21074): Design contains 2 input pin(s) that do not drive logic
    Warning (15610): No output dependent on input pin "KEY[1]" File: M:/ECE287/GitHub/FPGA-Light-Board/FinalProject/LightBoard.v Line: 4
    Warning (15610): No output dependent on input pin "KEY[2]" File: M:/ECE287/GitHub/FPGA-Light-Board/FinalProject/LightBoard.v Line: 4
Info (21057): Implemented 10387 device resources after synthesis - the final resource count might be different
    Info (21058): Implemented 18 input pins
    Info (21059): Implemented 32 output pins
    Info (21061): Implemented 10320 logic cells
    Info (21064): Implemented 16 RAM segments
Info: Quartus Prime Analysis & Synthesis was successful. 0 errors, 12 warnings
    Info: Peak virtual memory: 5415 megabytes
    Info: Processing ended: Wed Dec 10 15:02:35 2025
    Info: Elapsed time: 00:01:14
    Info: Total CPU time (on all processors): 00:00:48


+------------------------------------------+
; Analysis & Synthesis Suppressed Messages ;
+------------------------------------------+
The suppressed messages can be found in M:/ECE287/GitHub/FPGA-Light-Board/FinalProject/output_files/LightBoard.map.smsg.


